County,State,Counts,Total housing units,Occupied housing units,Vacant housing units,Homeowner vacancy rate,Rental vacancy rate,Total housing units2,"1-unit, detached","1-unit, attached",2 units,3 or 4 units,5 to 9 units,10 to 19 units,20 or more units,Mobile home,"Boat, RV, van, etc.",Occupied housing units3,Owner-occupied,Renter-occupied,Average household size of owner-occupied unit,Average household size of renter-occupied unit,Occupied housing units4,Moved in 2019 or later,Moved in 2015 to 2018,Moved in 2010 to 2014,Moved in 2000 to 2009,Moved in 1990 to 1999,Moved in 1989 and earlier,Occupied housing units5,No vehicles available,1 vehicle available,2 vehicles available,3 or more vehicles available
Connecticut,Connecticut,Estimate,"1,536,327","1,428,313","108,014",0.6,4.1,"1,536,327","907,419","104,406","110,242","119,666","75,119","57,735","148,836","11,800","1,104","1,428,313","951,516","476,797",2.59,2.17,"1,428,313","340,933","298,608","181,846","256,814","163,066","187,046","1,428,313","120,192","479,976","536,298","291,847"
Connecticut,Connecticut,Percent,"1,536,327",93.00%,7.00%,(X),(X),"1,536,327",59.10%,6.80%,7.20%,7.80%,4.90%,3.80%,9.70%,0.80%,0.10%,"1,428,313",66.60%,33.40%,(X),(X),"1,428,313",23.90%,20.90%,12.70%,18.00%,11.40%,13.10%,"1,428,313",8.40%,33.60%,37.50%,20.40%
Fairfield County,Connecticut,Estimate,"380,697","357,271","23,426",0.6,4.3,"380,697","213,069","35,208","29,228","24,535","16,086","12,284","48,732","1,293",262,"357,271","238,964","118,307",2.77,2.37,"357,271","84,323","73,550","50,076","65,200","42,610","41,512","357,271","26,073","116,257","139,876","75,065"
Fairfield County,Connecticut,Percent,"380,697",93.80%,6.20%,(X),(X),"380,697",56.00%,9.20%,7.70%,6.40%,4.20%,3.20%,12.80%,0.30%,0.10%,"357,271",66.90%,33.10%,(X),(X),"357,271",23.60%,20.60%,14.00%,18.20%,11.90%,11.60%,"357,271",7.30%,32.50%,39.20%,21.00%
Hartford County,Connecticut,Estimate,"386,152","360,140","26,012",0.3,4.9,"386,152","220,472","24,701","27,360","37,669","18,088","15,825","39,349","2,227",461,"360,140","238,473","121,667",2.54,2.2,"360,140","85,243","75,738","44,663","65,105","41,174","48,217","360,140","35,259","124,743","133,028","67,110"
Hartford County,Connecticut,Percent,"386,152",93.30%,6.70%,(X),(X),"386,152",57.10%,6.40%,7.10%,9.80%,4.70%,4.10%,10.20%,0.60%,0.10%,"360,140",66.20%,33.80%,(X),(X),"360,140",23.70%,21.00%,12.40%,18.10%,11.40%,13.40%,"360,140",9.80%,34.60%,36.90%,18.60%
Litchfield County,Connecticut,Estimate,"87,816","77,106","10,710",0.2,3.1,"87,816","66,632","4,206","4,629","3,345","3,670","1,931","2,903",500,0,"77,106","60,113","16,993",2.45,2.06,"77,106","14,806","14,067","9,938","14,860","9,978","13,457","77,106","4,238","22,764","31,428","18,676"
Litchfield County,Connecticut,Percent,"87,816",87.80%,12.20%,(X),(X),"87,816",75.90%,4.80%,5.30%,3.80%,4.20%,2.20%,3.30%,0.60%,0.00%,"77,106",78.00%,22.00%,(X),(X),"77,106",19.20%,18.20%,12.90%,19.30%,12.90%,17.50%,"77,106",5.50%,29.50%,40.80%,24.20%
Middlesex County,Connecticut,Estimate,"76,486","69,789","6,697",0.4,6.3,"76,486","54,778","3,348","4,308","2,986","4,021","2,402","3,649",994,0,"69,789","52,831","16,958",2.46,1.74,"69,789","15,616","14,195","7,485","13,433","9,351","9,709","69,789","3,666","20,012","28,742","17,369"
Middlesex County,Connecticut,Percent,"76,486",91.20%,8.80%,(X),(X),"76,486",71.60%,4.40%,5.60%,3.90%,5.30%,3.10%,4.80%,1.30%,0.00%,"69,789",75.70%,24.30%,(X),(X),"69,789",22.40%,20.30%,10.70%,19.20%,13.40%,13.90%,"69,789",5.30%,28.70%,41.20%,24.90%
New Haven County,Connecticut,Estimate,"370,779","349,089","21,690",1,2.6,"370,779","202,653","25,433","30,085","34,567","19,968","18,205","38,034","1,628",206,"349,089","215,036","134,053",2.57,2.1,"349,089","86,190","80,635","42,245","58,655","37,444","43,920","349,089","37,397","126,572","122,218","62,902"
New Haven County,Connecticut,Percent,"370,779",94.20%,5.80%,(X),(X),"370,779",54.70%,6.90%,8.10%,9.30%,5.40%,4.90%,10.30%,0.40%,0.10%,"349,089",61.60%,38.40%,(X),(X),"349,089",24.70%,23.10%,12.10%,16.80%,10.70%,12.60%,"349,089",10.70%,36.30%,35.00%,18.00%
New London County,Connecticut,Estimate,"123,388","110,950","12,438",0.5,6.5,"123,388","77,172","6,652","8,502","7,810","7,042","3,827","9,295","2,913",175,"110,950","74,403","36,547",2.45,2.04,"110,950","28,212","20,195","14,694","21,262","11,499","15,088","110,950","7,450","39,230","40,680","23,590"
New London County,Connecticut,Percent,"123,388",89.90%,10.10%,(X),(X),"123,388",62.50%,5.40%,6.90%,6.30%,5.70%,3.10%,7.50%,2.40%,0.10%,"110,950",67.10%,32.90%,(X),(X),"110,950",25.40%,18.20%,13.20%,19.20%,10.40%,13.60%,"110,950",6.70%,35.40%,36.70%,21.30%
Tolland County,Connecticut,Estimate,"61,274","58,244","3,030",0.6,3.4,"61,274","41,039","2,930","1,531","3,465","3,601","2,806","5,232",670,0,"58,244","40,048","18,196",2.51,1.93,"58,244","16,037","10,165","7,270","9,925","6,513","8,334","58,244","3,283","15,816","24,067","15,078"
Tolland County,Connecticut,Percent,"61,274",95.10%,4.90%,(X),(X),"61,274",67.00%,4.80%,2.50%,5.70%,5.90%,4.60%,8.50%,1.10%,0.00%,"58,244",68.80%,31.20%,(X),(X),"58,244",27.50%,17.50%,12.50%,17.00%,11.20%,14.30%,"58,244",5.60%,27.20%,41.30%,25.90%
Windham County,Connecticut,Estimate,"49,735","45,724","4,011",1.5,4,"49,735","31,604","1,928","4,599","5,289","2,643",455,"1,642","1,575",0,"45,724","31,648","14,076",2.51,2.3,"45,724","10,506","10,063","5,475","8,374","4,497","6,809","45,724","2,826","14,582","16,259","12,057"
Windham County,Connecticut,Percent,"49,735",91.90%,8.10%,(X),(X),"49,735",63.50%,3.90%,9.20%,10.60%,5.30%,0.90%,3.30%,3.20%,0.00%,"45,724",69.20%,30.80%,(X),(X),"45,724",23.00%,22.00%,12.00%,18.30%,9.80%,14.90%,"45,724",6.20%,31.90%,35.60%,26.40%
Delaware,Delaware,Estimate,"465,804","402,334","63,470",0.5,3.2,"465,804","282,100","75,385","4,561","9,795","16,577","23,479","23,289","30,357",261,"402,334","298,075","104,259",2.51,2.37,"402,334","60,682","90,876","102,617","70,760","40,063","37,336","402,334","23,783","130,858","163,432","84,261"
Delaware,Delaware,Percent,"465,804",86.40%,13.60%,(X),(X),"465,804",60.60%,16.20%,1.00%,2.10%,3.60%,5.00%,5.00%,6.50%,0.10%,"402,334",74.10%,25.90%,(X),(X),"402,334",15.10%,22.60%,25.50%,17.60%,10.00%,9.30%,"402,334",5.90%,32.50%,40.60%,20.90%
Kent County,Delaware,Estimate,"76,896","73,497","3,399",0.1,2.9,"76,896","53,265","7,552",889,"1,054","1,509","3,072","2,646","6,801",108,"73,497","54,392","19,105",2.52,2.39,"73,497","10,885","17,429","18,382","15,649","6,127","5,025","73,497","3,442","20,567","31,959","17,529"
Kent County,Delaware,Percent,"76,896",95.60%,4.40%,(X),(X),"76,896",69.30%,9.80%,1.20%,1.40%,2.00%,4.00%,3.40%,8.80%,0.10%,"73,497",74.00%,26.00%,(X),(X),"73,497",14.80%,23.70%,25.00%,21.30%,8.30%,6.80%,"73,497",4.70%,28.00%,43.50%,23.80%
New Castle County,Delaware,Estimate,"236,639","223,989","12,650",0.8,3,"236,639","126,509","50,798","2,403","5,960","11,871","16,477","16,720","5,801",100,"223,989","156,317","67,672",2.61,2.24,"223,989","34,208","47,440","53,720","37,483","24,681","26,457","223,989","16,268","77,813","86,847","43,061"
New Castle County,Delaware,Percent,"236,639",94.70%,5.30%,(X),(X),"236,639",53.50%,21.50%,1.00%,2.50%,5.00%,7.00%,7.10%,2.50%,0.00%,"223,989",69.80%,30.20%,(X),(X),"223,989",15.30%,21.20%,24.00%,16.70%,11.00%,11.80%,"223,989",7.30%,34.70%,38.80%,19.20%
Sussex County,Delaware,Estimate,"152,269","104,848","47,421",0.3,4.3,"152,269","102,326","17,035","1,269","2,781","3,197","3,930","3,923","17,755",53,"104,848","87,366","17,482",2.33,2.84,"104,848","15,589","26,007","30,515","17,628","9,255","5,854","104,848","4,073","32,478","44,626","23,671"
Sussex County,Delaware,Percent,"152,269",68.90%,31.10%,(X),(X),"152,269",67.20%,11.20%,0.80%,1.80%,2.10%,2.60%,2.60%,11.70%,0.00%,"104,848",83.30%,16.70%,(X),(X),"104,848",14.90%,24.80%,29.10%,16.80%,8.80%,5.60%,"104,848",3.90%,31.00%,42.60%,22.60%
Kentucky,Kentucky,Estimate,"2,023,679","1,828,680","194,999",0.7,4.3,"2,023,679","1,359,063","58,636","54,491","87,362","95,604","69,684","74,674","220,646","3,519","1,828,680","1,257,737","570,943",2.5,2.18,"1,828,680","317,342","397,654","436,512","300,513","184,519","192,140","1,828,680","116,415","597,384","687,411","427,470"
Kentucky,Kentucky,Percent,"2,023,679",90.40%,9.60%,(X),(X),"2,023,679",67.20%,2.90%,2.70%,4.30%,4.70%,3.40%,3.70%,10.90%,0.20%,"1,828,680",68.80%,31.20%,(X),(X),"1,828,680",17.40%,21.70%,23.90%,16.40%,10.10%,10.50%,"1,828,680",6.40%,32.70%,37.60%,23.40%
Boone County,Kentucky,Estimate,"53,449","52,041","1,408",0.3,5,"53,449","37,849","2,435",611,"1,200","3,973","3,789","1,405","2,187",0,"52,041","40,511","11,530",2.78,2.15,"52,041","9,316","12,241","13,664","8,633","4,044","4,143","52,041","2,079","14,133","22,518","13,311"
Boone County,Kentucky,Percent,"53,449",97.40%,2.60%,(X),(X),"53,449",70.80%,4.60%,1.10%,2.20%,7.40%,7.10%,2.60%,4.10%,0.00%,"52,041",77.80%,22.20%,(X),(X),"52,041",17.90%,23.50%,26.30%,16.60%,7.80%,8.00%,"52,041",4.00%,27.20%,43.30%,25.60%
Bullitt County,Kentucky,Estimate,"33,677","32,308","1,369",0.6,9.5,"33,677","26,066",828,28,"1,725","1,085",233,948,"2,764",0,"32,308","27,106","5,202",2.64,2.33,"32,308","2,900","7,602","7,985","6,589","3,940","3,292","32,308","1,807","7,872","10,996","11,633"
Bullitt County,Kentucky,Percent,"33,677",95.90%,4.10%,(X),(X),"33,677",77.40%,2.50%,0.10%,5.10%,3.20%,0.70%,2.80%,8.20%,0.00%,"32,308",83.90%,16.10%,(X),(X),"32,308",9.00%,23.50%,24.70%,20.40%,12.20%,10.20%,"32,308",5.60%,24.40%,34.00%,36.00%
Campbell County,Kentucky,Estimate,"42,129","39,836","2,293",0.5,6.9,"42,129","27,529","1,895","1,709","1,650","3,131","3,381","2,034",800,0,"39,836","28,503","11,333",2.5,1.74,"39,836","7,615","8,426","9,758","5,745","4,015","4,277","39,836","2,154","12,570","16,871","8,241"
Campbell County,Kentucky,Percent,"42,129",94.60%,5.40%,(X),(X),"42,129",65.30%,4.50%,4.10%,3.90%,7.40%,8.00%,4.80%,1.90%,0.00%,"39,836",71.60%,28.40%,(X),(X),"39,836",19.10%,21.20%,24.50%,14.40%,10.10%,10.70%,"39,836",5.40%,31.60%,42.40%,20.70%
Christian County,Kentucky,Estimate,"29,371","25,454","3,917",0.3,2.5,"29,371","18,131","1,807","1,319","1,732","2,583",275,"1,221","2,212",91,"25,454","14,145","11,309",2.7,2.72,"25,454","6,607","5,989","5,843","2,736","1,998","2,281","25,454","2,055","9,040","10,274","4,085"
Christian County,Kentucky,Percent,"29,371",86.70%,13.30%,(X),(X),"29,371",61.70%,6.20%,4.50%,5.90%,8.80%,0.90%,4.20%,7.50%,0.30%,"25,454",55.60%,44.40%,(X),(X),"25,454",26.00%,23.50%,23.00%,10.70%,7.80%,9.00%,"25,454",8.10%,35.50%,40.40%,16.00%
Daviess County,Kentucky,Estimate,"44,517","41,111","3,406",0.6,11.1,"44,517","33,079",901,"2,476","2,149","1,548","1,186","1,138","2,040",0,"41,111","28,658","12,453",2.58,2.2,"41,111","5,441","10,686","9,140","7,407","4,526","3,911","41,111","2,623","12,407","15,919","10,162"
Daviess County,Kentucky,Percent,"44,517",92.30%,7.70%,(X),(X),"44,517",74.30%,2.00%,5.60%,4.80%,3.50%,2.70%,2.60%,4.60%,0.00%,"41,111",69.70%,30.30%,(X),(X),"41,111",13.20%,26.00%,22.20%,18.00%,11.00%,9.50%,"41,111",6.40%,30.20%,38.70%,24.70%
Fayette County,Kentucky,Estimate,"148,963","140,837","8,126",0.4,2.7,"148,963","86,482","10,480","4,243","7,695","9,932","14,206","14,488","1,437",0,"140,837","76,049","64,788",2.39,1.95,"140,837","40,160","35,152","28,588","16,997","11,437","8,503","140,837","8,529","58,403","52,188","21,717"
Fayette County,Kentucky,Percent,"148,963",94.50%,5.50%,(X),(X),"148,963",58.10%,7.00%,2.80%,5.20%,6.70%,9.50%,9.70%,1.00%,0.00%,"140,837",54.00%,46.00%,(X),(X),"140,837",28.50%,25.00%,20.30%,12.10%,8.10%,6.00%,"140,837",6.10%,41.50%,37.10%,15.40%
Hardin County,Kentucky,Estimate,"47,646","44,414","3,232",2.2,7.4,"47,646","32,663","2,164","1,083","3,635","2,414","1,599","1,271","2,759",58,"44,414","28,740","15,674",2.45,2.34,"44,414","8,391","11,232","9,404","6,642","4,080","4,665","44,414","3,647","12,866","17,855","10,046"
Hardin County,Kentucky,Percent,"47,646",93.20%,6.80%,(X),(X),"47,646",68.60%,4.50%,2.30%,7.60%,5.10%,3.40%,2.70%,5.80%,0.10%,"44,414",64.70%,35.30%,(X),(X),"44,414",18.90%,25.30%,21.20%,15.00%,9.20%,10.50%,"44,414",8.20%,29.00%,40.20%,22.60%
Jefferson County,Kentucky,Estimate,"358,983","336,916","22,067",0.6,3.9,"358,983","228,851","15,773","9,015","27,646","26,210","20,863","26,164","3,982",479,"336,916","212,995","123,921",2.42,1.98,"336,916","70,079","75,437","79,677","50,111","29,754","31,858","336,916","28,708","128,980","123,301","55,927"
Jefferson County,Kentucky,Percent,"358,983",93.90%,6.10%,(X),(X),"358,983",63.70%,4.40%,2.50%,7.70%,7.30%,5.80%,7.30%,1.10%,0.10%,"336,916",63.20%,36.80%,(X),(X),"336,916",20.80%,22.40%,23.60%,14.90%,8.80%,9.50%,"336,916",8.50%,38.30%,36.60%,16.60%
Kenton County,Kentucky,Estimate,"73,256","66,791","6,465",1.9,6.4,"73,256","49,160","2,853","4,227","2,869","3,182","5,543","3,531","1,793",98,"66,791","48,320","18,471",2.68,2.12,"66,791","10,293","15,497","15,491","10,752","7,363","7,395","66,791","3,198","22,805","26,211","14,577"
Kenton County,Kentucky,Percent,"73,256",91.20%,8.80%,(X),(X),"73,256",67.10%,3.90%,5.80%,3.90%,4.30%,7.60%,4.80%,2.40%,0.10%,"66,791",72.30%,27.70%,(X),(X),"66,791",15.40%,23.20%,23.20%,16.10%,11.00%,11.10%,"66,791",4.80%,34.10%,39.20%,21.80%
McCracken County,Kentucky,Estimate,"32,250","26,995","5,255",0,8.2,"32,250","22,271",563,"1,026","1,329","1,172",190,"2,630","2,977",92,"26,995","19,506","7,489",2.63,2.04,"26,995","5,288","6,725","4,162","4,634","3,490","2,696","26,995","2,029","9,386","9,642","5,938"
McCracken County,Kentucky,Percent,"32,250",83.70%,16.30%,(X),(X),"32,250",69.10%,1.70%,3.20%,4.10%,3.60%,0.60%,8.20%,9.20%,0.30%,"26,995",72.30%,27.70%,(X),(X),"26,995",19.60%,24.90%,15.40%,17.20%,12.90%,10.00%,"26,995",7.50%,34.80%,35.70%,22.00%
Madison County,Kentucky,Estimate,"40,310","37,118","3,192",0.2,5.3,"40,310","24,922","1,257","1,753","2,512","3,420","3,166",951,"2,329",0,"37,118","22,100","15,018",2.62,2.12,"37,118","7,886","9,197","9,989","5,337","2,253","2,456","37,118","1,433","13,627","13,348","8,710"
Madison County,Kentucky,Percent,"40,310",92.10%,7.90%,(X),(X),"40,310",61.80%,3.10%,4.30%,6.20%,8.50%,7.90%,2.40%,5.80%,0.00%,"37,118",59.50%,40.50%,(X),(X),"37,118",21.20%,24.80%,26.90%,14.40%,6.10%,6.60%,"37,118",3.90%,36.70%,36.00%,23.50%
Oldham County,Kentucky,Estimate,"23,901","22,519","1,382",0,22,"23,901","20,214",944,0,410,772,768,506,287,0,"22,519","19,748","2,771",3,2.19,"22,519","2,333","4,736","6,520","4,792","2,163","1,975","22,519",459,"3,489","11,382","7,189"
Oldham County,Kentucky,Percent,"23,901",94.20%,5.80%,(X),(X),"23,901",84.60%,3.90%,0.00%,1.70%,3.20%,3.20%,2.10%,1.20%,0.00%,"22,519",87.70%,12.30%,(X),(X),"22,519",10.40%,21.00%,29.00%,21.30%,9.60%,8.80%,"22,519",2.00%,15.50%,50.50%,31.90%
Pulaski County,Kentucky,Estimate,"31,776","27,552","4,224",0,1.7,"31,776","21,413",444,653,"1,296","1,132",143,0,"6,695",0,"27,552","18,496","9,056",2.46,2.1,"27,552","5,632","5,937","6,641","4,193","2,397","2,752","27,552",932,"9,162","10,609","6,849"
Pulaski County,Kentucky,Percent,"31,776",86.70%,13.30%,(X),(X),"31,776",67.40%,1.40%,2.10%,4.10%,3.60%,0.50%,0.00%,21.10%,0.00%,"27,552",67.10%,32.90%,(X),(X),"27,552",20.40%,21.50%,24.10%,15.20%,8.70%,10.00%,"27,552",3.40%,33.30%,38.50%,24.90%
Warren County,Kentucky,Estimate,"60,028","55,234","4,794",0,4.2,"60,028","36,840","1,072","2,426","3,156","4,551","3,869","4,561","3,553",0,"55,234","29,974","25,260",2.7,2.13,"55,234","14,943","12,895","13,162","7,455","3,751","3,028","55,234","3,232","21,296","20,015","10,691"
Warren County,Kentucky,Percent,"60,028",92.00%,8.00%,(X),(X),"60,028",61.40%,1.80%,4.00%,5.30%,7.60%,6.40%,7.60%,5.90%,0.00%,"55,234",54.30%,45.70%,(X),(X),"55,234",27.10%,23.30%,23.80%,13.50%,6.80%,5.50%,"55,234",5.90%,38.60%,36.20%,19.40%
Ohio,Ohio,Estimate,"5,293,227","4,878,206","415,021",0.7,3.8,"5,293,227","3,639,393","266,236","196,277","222,426","235,844","207,361","341,577","181,242","2,871","4,878,206","3,285,052","1,593,154",2.49,2.06,"4,878,206","801,260","1,051,880","1,178,340","782,106","501,445","563,175","4,878,206","351,475","1,673,848","1,837,901","1,014,982"
Ohio,Ohio,Percent,"5,293,227",92.20%,7.80%,(X),(X),"5,293,227",68.80%,5.00%,3.70%,4.20%,4.50%,3.90%,6.50%,3.40%,0.10%,"4,878,206",67.30%,32.70%,(X),(X),"4,878,206",16.40%,21.60%,24.20%,16.00%,10.30%,11.50%,"4,878,206",7.20%,34.30%,37.70%,20.80%
Allen County,Ohio,Estimate,"44,870","41,028","3,842",0.3,1.7,"44,870","35,408",495,"1,530","2,208","1,006",404,"2,390","1,429",0,"41,028","28,010","13,018",2.36,2.5,"41,028","7,287","7,871","10,602","5,409","3,968","5,891","41,028","2,747","14,207","14,373","9,701"
Allen County,Ohio,Percent,"44,870",91.40%,8.60%,(X),(X),"44,870",78.90%,1.10%,3.40%,4.90%,2.20%,0.90%,5.30%,3.20%,0.00%,"41,028",68.30%,31.70%,(X),(X),"41,028",17.80%,19.20%,25.80%,13.20%,9.70%,14.40%,"41,028",6.70%,34.60%,35.00%,23.60%
Ashtabula County,Ohio,Estimate,"46,489","38,898","7,591",1.1,7.1,"46,489","35,270",600,"1,676","1,315",726,921,"1,452","4,529",0,"38,898","28,844","10,054",2.49,2.15,"38,898","5,655","7,387","9,556","6,121","4,426","5,753","38,898","2,536","13,886","13,704","8,772"
Ashtabula County,Ohio,Percent,"46,489",83.70%,16.30%,(X),(X),"46,489",75.90%,1.30%,3.60%,2.80%,1.60%,2.00%,3.10%,9.70%,0.00%,"38,898",74.20%,25.80%,(X),(X),"38,898",14.50%,19.00%,24.60%,15.70%,11.40%,14.80%,"38,898",6.50%,35.70%,35.20%,22.60%
Belmont County,Ohio,Estimate,"31,546","26,781","4,765",2.1,12.3,"31,546","24,216",277,"2,320",804,974,315,"1,187","1,453",0,"26,781","19,668","7,113",2.35,2.19,"26,781","2,718","3,848","6,448","5,360","3,047","5,360","26,781","2,643","7,234","9,739","7,165"
Belmont County,Ohio,Percent,"31,546",84.90%,15.10%,(X),(X),"31,546",76.80%,0.90%,7.40%,2.50%,3.10%,1.00%,3.80%,4.60%,0.00%,"26,781",73.40%,26.60%,(X),(X),"26,781",10.10%,14.40%,24.10%,20.00%,11.40%,20.00%,"26,781",9.90%,27.00%,36.40%,26.80%
Butler County,Ohio,Estimate,"155,648","148,259","7,389",1,3.8,"155,648","111,439","7,391","3,759","7,556","5,828","8,764","6,702","4,030",179,"148,259","102,238","46,021",2.66,2.28,"148,259","24,869","33,245","37,460","24,052","16,197","12,436","148,259","6,516","43,576","61,502","36,665"
Butler County,Ohio,Percent,"155,648",95.30%,4.70%,(X),(X),"155,648",71.60%,4.70%,2.40%,4.90%,3.70%,5.60%,4.30%,2.60%,0.10%,"148,259",69.00%,31.00%,(X),(X),"148,259",16.80%,22.40%,25.30%,16.20%,10.90%,8.40%,"148,259",4.40%,29.40%,41.50%,24.70%
Clark County,Ohio,Estimate,"61,154","56,033","5,121",1.7,1,"61,154","45,651","4,717",912,"2,323","1,850",987,"2,089","2,493",132,"56,033","38,091","17,942",2.43,2.22,"56,033","7,526","12,806","13,821","9,809","6,203","5,868","56,033","3,660","18,138","21,254","12,981"
Clark County,Ohio,Percent,"61,154",91.60%,8.40%,(X),(X),"61,154",74.60%,7.70%,1.50%,3.80%,3.00%,1.60%,3.40%,4.10%,0.20%,"56,033",68.00%,32.00%,(X),(X),"56,033",13.40%,22.90%,24.70%,17.50%,11.10%,10.50%,"56,033",6.50%,32.40%,37.90%,23.20%
Clermont County,Ohio,Estimate,"88,541","84,660","3,881",0.5,3.2,"88,541","64,598","3,565",653,783,"3,676","6,236","2,998","6,032",0,"84,660","64,425","20,235",2.6,2.02,"84,660","10,916","17,418","20,538","16,144","10,078","9,566","84,660","3,387","23,939","32,728","24,606"
Clermont County,Ohio,Percent,"88,541",95.60%,4.40%,(X),(X),"88,541",73.00%,4.00%,0.70%,0.90%,4.20%,7.00%,3.40%,6.80%,0.00%,"84,660",76.10%,23.90%,(X),(X),"84,660",12.90%,20.60%,24.30%,19.10%,11.90%,11.30%,"84,660",4.00%,28.30%,38.70%,29.10%
Columbiana County,Ohio,Estimate,"46,158","40,326","5,832",1.6,5,"46,158","33,627","1,228","2,420","2,406",766,664,"1,106","3,941",0,"40,326","27,998","12,328",2.48,2.27,"40,326","4,025","6,396","10,773","6,905","5,449","6,778","40,326","2,585","12,226","14,986","10,529"
Columbiana County,Ohio,Percent,"46,158",87.40%,12.60%,(X),(X),"46,158",72.90%,2.70%,5.20%,5.20%,1.70%,1.40%,2.40%,8.50%,0.00%,"40,326",69.40%,30.60%,(X),(X),"40,326",10.00%,15.90%,26.70%,17.10%,13.50%,16.80%,"40,326",6.40%,30.30%,37.20%,26.10%
Cuyahoga County,Ohio,Estimate,"615,116","554,982","60,134",1.1,3.8,"615,116","361,981","36,883","43,813","19,381","28,461","30,937","89,981","3,494",185,"554,982","330,736","224,246",2.37,1.9,"554,982","100,348","122,750","126,675","82,557","53,258","69,394","554,982","61,923","236,198","185,185","71,676"
Cuyahoga County,Ohio,Percent,"615,116",90.20%,9.80%,(X),(X),"615,116",58.80%,6.00%,7.10%,3.20%,4.60%,5.00%,14.60%,0.60%,0.00%,"554,982",59.60%,40.40%,(X),(X),"554,982",18.10%,22.10%,22.80%,14.90%,9.60%,12.50%,"554,982",11.20%,42.60%,33.40%,12.90%
Delaware County,Ohio,Estimate,"86,483","82,755","3,728",0.2,3.9,"86,483","64,139","5,430","1,629","2,334","3,713","2,770","4,666","1,802",0,"82,755","64,168","18,587",2.89,2.09,"82,755","13,040","18,624","24,533","17,275","5,298","3,985","82,755","1,383","21,804","40,909","18,659"
Delaware County,Ohio,Percent,"86,483",95.70%,4.30%,(X),(X),"86,483",74.20%,6.30%,1.90%,2.70%,4.30%,3.20%,5.40%,2.10%,0.00%,"82,755",77.50%,22.50%,(X),(X),"82,755",15.80%,22.50%,29.60%,20.90%,6.40%,4.80%,"82,755",1.70%,26.30%,49.40%,22.50%
Erie County,Ohio,Estimate,"38,514","33,454","5,060",2,1.5,"38,514","27,989","1,787","1,630","2,098",912,820,"1,800","1,478",0,"33,454","24,544","8,910",2.23,1.9,"33,454","4,653","6,761","7,872","6,298","3,043","4,827","33,454","1,715","11,796","12,537","7,406"
Erie County,Ohio,Percent,"38,514",86.90%,13.10%,(X),(X),"38,514",72.70%,4.60%,4.20%,5.40%,2.40%,2.10%,4.70%,3.80%,0.00%,"33,454",73.40%,26.60%,(X),(X),"33,454",13.90%,20.20%,23.50%,18.80%,9.10%,14.40%,"33,454",5.10%,35.30%,37.50%,22.10%
Fairfield County,Ohio,Estimate,"64,207","60,387","3,820",0.3,4.3,"64,207","49,349","3,093","1,847","2,446","4,005",775,"1,291","1,401",0,"60,387","44,233","16,154",2.73,2.41,"60,387","8,666","12,927","15,503","11,156","5,211","6,924","60,387","2,818","15,165","24,839","17,565"
Fairfield County,Ohio,Percent,"64,207",94.10%,5.90%,(X),(X),"64,207",76.90%,4.80%,2.90%,3.80%,6.20%,1.20%,2.00%,2.20%,0.00%,"60,387",73.20%,26.80%,(X),(X),"60,387",14.40%,21.40%,25.70%,18.50%,8.60%,11.50%,"60,387",4.70%,25.10%,41.10%,29.10%
Franklin County,Ohio,Estimate,"594,813","550,153","44,660",0.6,4.7,"594,813","306,119","60,894","18,891","45,374","51,938","40,954","65,266","5,275",102,"550,153","288,725","261,428",2.53,2.15,"550,153","131,463","142,261","133,589","69,278","37,882","35,680","550,153","42,138","221,912","207,742","78,361"
Franklin County,Ohio,Percent,"594,813",92.50%,7.50%,(X),(X),"594,813",51.50%,10.20%,3.20%,7.60%,8.70%,6.90%,11.00%,0.90%,0.00%,"550,153",52.50%,47.50%,(X),(X),"550,153",23.90%,25.90%,24.30%,12.60%,6.90%,6.50%,"550,153",7.70%,40.30%,37.80%,14.20%
Geauga County,Ohio,Estimate,"37,679","35,775","1,904",0,13.1,"37,679","32,700","1,965",218,331,418,332,125,"1,398",192,"35,775","31,578","4,197",2.67,2.35,"35,775","3,583","4,865","8,689","7,636","6,558","4,444","35,775","3,222","9,051","12,642","10,860"
Geauga County,Ohio,Percent,"37,679",94.90%,5.10%,(X),(X),"37,679",86.80%,5.20%,0.60%,0.90%,1.10%,0.90%,0.30%,3.70%,0.50%,"35,775",88.30%,11.70%,(X),(X),"35,775",10.00%,13.60%,24.30%,21.30%,18.30%,12.40%,"35,775",9.00%,25.30%,35.30%,30.40%
Greene County,Ohio,Estimate,"72,487","66,598","5,889",1.2,2.8,"72,487","51,010","3,207","2,880","3,049","4,696","4,807","2,475",363,0,"66,598","45,290","21,308",2.69,1.89,"66,598","12,789","13,271","16,821","10,440","7,207","6,070","66,598","2,913","23,575","25,564","14,546"
Greene County,Ohio,Percent,"72,487",91.90%,8.10%,(X),(X),"72,487",70.40%,4.40%,4.00%,4.20%,6.50%,6.60%,3.40%,0.50%,0.00%,"66,598",68.00%,32.00%,(X),(X),"66,598",19.20%,19.90%,25.30%,15.70%,10.80%,9.10%,"66,598",4.40%,35.40%,38.40%,21.80%
Hamilton County,Ohio,Estimate,"381,690","355,784","25,906",0.6,3.7,"381,690","224,680","18,184","18,150","26,084","20,675","30,630","40,531","2,567",189,"355,784","214,355","141,429",2.45,1.98,"355,784","66,028","80,104","89,896","53,142","31,311","35,303","355,784","38,716","127,804","128,549","60,715"
Hamilton County,Ohio,Percent,"381,690",93.20%,6.80%,(X),(X),"381,690",58.90%,4.80%,4.80%,6.80%,5.40%,8.00%,10.60%,0.70%,0.00%,"355,784",60.20%,39.80%,(X),(X),"355,784",18.60%,22.50%,25.30%,14.90%,8.80%,9.90%,"355,784",10.90%,35.90%,36.10%,17.10%
Hancock County,Ohio,Estimate,"33,981","32,136","1,845",0,5.3,"33,981","25,319","1,401","1,273",756,784,"1,044","1,581","1,823",0,"32,136","21,992","10,144",2.37,2.06,"32,136","5,557","7,907","6,192","6,186","3,034","3,260","32,136","1,051","9,069","14,729","7,287"
Hancock County,Ohio,Percent,"33,981",94.60%,5.40%,(X),(X),"33,981",74.50%,4.10%,3.70%,2.20%,2.30%,3.10%,4.70%,5.40%,0.00%,"32,136",68.40%,31.60%,(X),(X),"32,136",17.30%,24.60%,19.30%,19.20%,9.40%,10.10%,"32,136",3.30%,28.20%,45.80%,22.70%
Lake County,Ohio,Estimate,"106,498","100,923","5,575",0.2,3.4,"106,498","76,273","6,432","1,798","2,034","5,758","3,576","8,525","2,102",0,"100,923","79,159","21,764",2.42,1.71,"100,923","14,381","18,255","24,051","18,171","11,320","14,745","100,923","4,793","36,089","41,481","18,560"
Lake County,Ohio,Percent,"106,498",94.80%,5.20%,(X),(X),"106,498",71.60%,6.00%,1.70%,1.90%,5.40%,3.40%,8.00%,2.00%,0.00%,"100,923",78.40%,21.60%,(X),(X),"100,923",14.20%,18.10%,23.80%,18.00%,11.20%,14.60%,"100,923",4.70%,35.80%,41.10%,18.40%
Licking County,Ohio,Estimate,"73,313","70,064","3,249",0.1,2.5,"73,313","56,657","2,244","2,306","3,947","2,252","1,022","1,453","3,432",0,"70,064","52,119","17,945",2.66,2.18,"70,064","8,121","18,048","17,935","11,971","7,338","6,651","70,064","3,257","19,187","28,971","18,649"
Licking County,Ohio,Percent,"73,313",95.60%,4.40%,(X),(X),"73,313",77.30%,3.10%,3.10%,5.40%,3.10%,1.40%,2.00%,4.70%,0.00%,"70,064",74.40%,25.60%,(X),(X),"70,064",11.60%,25.80%,25.60%,17.10%,10.50%,9.50%,"70,064",4.60%,27.40%,41.30%,26.60%
Lorain County,Ohio,Estimate,"136,666","126,500","10,166",0.5,5.5,"136,666","106,555","8,713","3,203","2,423","4,255","5,323","4,045","2,149",0,"126,500","93,945","32,555",2.56,2.07,"126,500","14,975","28,285","31,810","22,498","13,551","15,381","126,500","6,574","43,667","52,782","23,477"
Lorain County,Ohio,Percent,"136,666",92.60%,7.40%,(X),(X),"136,666",78.00%,6.40%,2.30%,1.80%,3.10%,3.90%,3.00%,1.60%,0.00%,"126,500",74.30%,25.70%,(X),(X),"126,500",11.80%,22.40%,25.10%,17.80%,10.70%,12.20%,"126,500",5.20%,34.50%,41.70%,18.60%
Lucas County,Ohio,Estimate,"201,010","187,290","13,720",0.3,3.3,"201,010","141,149","6,976","6,985","6,475","9,935","9,277","15,261","4,952",0,"187,290","118,799","68,491",2.34,2.05,"187,290","30,829","43,511","45,463","29,282","20,204","18,001","187,290","15,735","70,152","70,370","31,033"
Lucas County,Ohio,Percent,"201,010",93.20%,6.80%,(X),(X),"201,010",70.20%,3.50%,3.50%,3.20%,4.90%,4.60%,7.60%,2.50%,0.00%,"187,290",63.40%,36.60%,(X),(X),"187,290",16.50%,23.20%,24.30%,15.60%,10.80%,9.60%,"187,290",8.40%,37.50%,37.60%,16.60%
Mahoning County,Ohio,Estimate,"107,993","99,004","8,989",0.7,3,"107,993","82,623","4,031","2,431","4,375","4,121","3,517","5,014","1,881",0,"99,004","68,855","30,149",2.33,1.97,"99,004","13,269","19,368","22,366","17,013","11,199","15,789","99,004","6,831","36,984","35,133","20,056"
Mahoning County,Ohio,Percent,"107,993",91.70%,8.30%,(X),(X),"107,993",76.50%,3.70%,2.30%,4.10%,3.80%,3.30%,4.60%,1.70%,0.00%,"99,004",69.50%,30.50%,(X),(X),"99,004",13.40%,19.60%,22.60%,17.20%,11.30%,15.90%,"99,004",6.90%,37.40%,35.50%,20.30%
Marion County,Ohio,Estimate,"27,362","24,930","2,432",1.6,4.2,"27,362","20,781",798,866,"1,349",653,"1,138",581,"1,196",0,"24,930","16,615","8,315",2.51,2.11,"24,930","2,481","5,503","7,141","3,803","2,435","3,567","24,930","2,319","7,797","9,291","5,523"
Marion County,Ohio,Percent,"27,362",91.10%,8.90%,(X),(X),"27,362",75.90%,2.90%,3.20%,4.90%,2.40%,4.20%,2.10%,4.40%,0.00%,"24,930",66.60%,33.40%,(X),(X),"24,930",10.00%,22.10%,28.60%,15.30%,9.80%,14.30%,"24,930",9.30%,31.30%,37.30%,22.20%
Medina County,Ohio,Estimate,"76,088","73,250","2,838",0.1,3.4,"76,088","58,841","4,211","1,783","2,134","2,794","2,354","3,467",504,0,"73,250","57,994","15,256",2.61,2.02,"73,250","9,100","14,442","17,503","14,911","10,038","7,256","73,250","3,798","22,086","28,752","18,614"
Medina County,Ohio,Percent,"76,088",96.30%,3.70%,(X),(X),"76,088",77.30%,5.50%,2.30%,2.80%,3.70%,3.10%,4.60%,0.70%,0.00%,"73,250",79.20%,20.80%,(X),(X),"73,250",12.40%,19.70%,23.90%,20.40%,13.70%,9.90%,"73,250",5.20%,30.20%,39.30%,25.40%
Miami County,Ohio,Estimate,"47,235","45,891","1,344",0.4,0,"47,235","37,421","2,209","2,046","1,374","2,239","1,046",798,102,0,"45,891","33,784","12,107",2.56,1.88,"45,891","6,138","10,837","12,153","6,848","4,298","5,617","45,891","2,260","13,472","17,856","12,303"
Miami County,Ohio,Percent,"47,235",97.20%,2.80%,(X),(X),"47,235",79.20%,4.70%,4.30%,2.90%,4.70%,2.20%,1.70%,0.20%,0.00%,"45,891",73.60%,26.40%,(X),(X),"45,891",13.40%,23.60%,26.50%,14.90%,9.40%,12.20%,"45,891",4.90%,29.40%,38.90%,26.80%
Montgomery County,Ohio,Estimate,"252,781","235,545","17,236",1.7,2.6,"252,781","169,821","19,476","5,032","18,306","15,112","8,236","14,118","2,560",120,"235,545","147,362","88,183",2.32,1.99,"235,545","45,116","51,409","56,226","35,985","22,253","24,556","235,545","20,551","88,194","84,915","41,885"
Montgomery County,Ohio,Percent,"252,781",93.20%,6.80%,(X),(X),"252,781",67.20%,7.70%,2.00%,7.20%,6.00%,3.30%,5.60%,1.00%,0.00%,"235,545",62.60%,37.40%,(X),(X),"235,545",19.20%,21.80%,23.90%,15.30%,9.40%,10.40%,"235,545",8.70%,37.40%,36.10%,17.80%
Muskingum County,Ohio,Estimate,"38,324","35,912","2,412",0.2,1,"38,324","28,652",884,658,"1,243","1,654",388,"1,092","3,753",0,"35,912","23,575","12,337",2.41,2.23,"35,912","5,873","8,578","7,443","5,364","3,248","5,406","35,912","2,537","10,831","12,346","10,198"
Muskingum County,Ohio,Percent,"38,324",93.70%,6.30%,(X),(X),"38,324",74.80%,2.30%,1.70%,3.20%,4.30%,1.00%,2.80%,9.80%,0.00%,"35,912",65.60%,34.40%,(X),(X),"35,912",16.40%,23.90%,20.70%,14.90%,9.00%,15.10%,"35,912",7.10%,30.20%,34.40%,28.40%
Portage County,Ohio,Estimate,"71,416","64,437","6,979",0.3,2.6,"71,416","47,284","5,128","1,935","2,108","3,652","2,883","4,386","4,040",0,"64,437","46,048","18,389",2.5,2.17,"64,437","12,481","13,532","13,415","10,106","6,701","8,202","64,437","3,533","18,977","25,592","16,335"
Portage County,Ohio,Percent,"71,416",90.20%,9.80%,(X),(X),"71,416",66.20%,7.20%,2.70%,3.00%,5.10%,4.00%,6.10%,5.70%,0.00%,"64,437",71.50%,28.50%,(X),(X),"64,437",19.40%,21.00%,20.80%,15.70%,10.40%,12.70%,"64,437",5.50%,29.50%,39.70%,25.40%
Richland County,Ohio,Estimate,"54,663","50,248","4,415",0.8,4.6,"54,663","40,005","2,169","3,420","2,315","2,089",738,"1,283","2,644",0,"50,248","34,800","15,448",2.47,2.11,"50,248","7,854","9,223","13,148","8,024","6,015","5,984","50,248","2,805","18,661","21,172","7,610"
Richland County,Ohio,Percent,"54,663",91.90%,8.10%,(X),(X),"54,663",73.20%,4.00%,6.30%,4.20%,3.80%,1.40%,2.30%,4.80%,0.00%,"50,248",69.30%,30.70%,(X),(X),"50,248",15.60%,18.40%,26.20%,16.00%,12.00%,11.90%,"50,248",5.60%,37.10%,42.10%,15.10%
Ross County,Ohio,Estimate,"32,067","29,399","2,668",0.1,3.3,"32,067","22,690",450,"1,495","1,689",853,449,253,"4,147",41,"29,399","20,385","9,014",2.59,2.05,"29,399","5,173","6,279","7,140","4,377","2,891","3,539","29,399","1,409","9,683","9,043","9,264"
Ross County,Ohio,Percent,"32,067",91.70%,8.30%,(X),(X),"32,067",70.80%,1.40%,4.70%,5.30%,2.70%,1.40%,0.80%,12.90%,0.10%,"29,399",69.30%,30.70%,(X),(X),"29,399",17.60%,21.40%,24.30%,14.90%,9.80%,12.00%,"29,399",4.80%,32.90%,30.80%,31.50%
Scioto County,Ohio,Estimate,"33,073","29,715","3,358",2.1,1.1,"33,073","24,572",218,809,781,448,415,"1,125","4,705",0,"29,715","20,415","9,300",2.46,2.05,"29,715","3,740","6,055","6,533","5,104","3,557","4,726","29,715","3,086","10,366","7,836","8,427"
Scioto County,Ohio,Percent,"33,073",89.80%,10.20%,(X),(X),"33,073",74.30%,0.70%,2.40%,2.40%,1.40%,1.30%,3.40%,14.20%,0.00%,"29,715",68.70%,31.30%,(X),(X),"29,715",12.60%,20.40%,22.00%,17.20%,12.00%,15.90%,"29,715",10.40%,34.90%,26.40%,28.40%
Stark County,Ohio,Estimate,"167,998","155,070","12,928",0.1,2.2,"167,998","124,676","5,727","10,475","6,682","6,085","4,621","6,023","3,709",0,"155,070","107,204","47,866",2.44,2.16,"155,070","18,149","34,184","39,213","24,696","17,865","20,963","155,070","9,866","51,963","60,296","32,945"
Stark County,Ohio,Percent,"167,998",92.30%,7.70%,(X),(X),"167,998",74.20%,3.40%,6.20%,4.00%,3.60%,2.80%,3.60%,2.20%,0.00%,"155,070",69.10%,30.90%,(X),(X),"155,070",11.70%,22.00%,25.30%,15.90%,11.50%,13.50%,"155,070",6.40%,33.50%,38.90%,21.20%
Summit County,Ohio,Estimate,"247,173","230,471","16,702",0.7,4.4,"247,173","175,250","14,521","10,228","7,111","9,876","8,316","18,754","2,900",217,"230,471","155,910","74,561",2.43,2,"230,471","40,087","48,634","50,402","35,334","24,360","31,654","230,471","16,215","88,241","81,565","44,450"
Summit County,Ohio,Percent,"247,173",93.20%,6.80%,(X),(X),"247,173",70.90%,5.90%,4.10%,2.90%,4.00%,3.40%,7.60%,1.20%,0.10%,"230,471",67.60%,32.40%,(X),(X),"230,471",17.40%,21.10%,21.90%,15.30%,10.60%,13.70%,"230,471",7.00%,38.30%,35.40%,19.30%
Trumbull County,Ohio,Estimate,"94,469","84,721","9,748",0.1,7.9,"94,469","71,040","4,066","3,800","2,981","2,983","2,559","4,226","2,727",87,"84,721","60,076","24,645",2.43,2.07,"84,721","11,688","16,535","19,609","11,869","10,174","14,846","84,721","6,308","29,363","33,107","15,943"
Trumbull County,Ohio,Percent,"94,469",89.70%,10.30%,(X),(X),"94,469",75.20%,4.30%,4.00%,3.20%,3.20%,2.70%,4.50%,2.90%,0.10%,"84,721",70.90%,29.10%,(X),(X),"84,721",13.80%,19.50%,23.10%,14.00%,12.00%,17.50%,"84,721",7.40%,34.70%,39.10%,18.80%
Tuscarawas County,Ohio,Estimate,"40,861","38,476","2,385",0,3.6,"40,861","30,910",702,"1,479","2,164",679,508,587,"3,832",0,"38,476","27,218","11,258",2.45,2.15,"38,476","5,145","6,487","10,305","7,666","4,104","4,769","38,476","2,910","10,874","14,601","10,091"
Tuscarawas County,Ohio,Percent,"40,861",94.20%,5.80%,(X),(X),"40,861",75.60%,1.70%,3.60%,5.30%,1.70%,1.20%,1.40%,9.40%,0.00%,"38,476",70.70%,29.30%,(X),(X),"38,476",13.40%,16.90%,26.80%,19.90%,10.70%,12.40%,"38,476",7.60%,28.30%,37.90%,26.20%
Union County,Ohio,Estimate,"25,350","24,987",363,N,N,"25,350","19,704","1,015",639,762,"1,034",491,548,"1,100",57,"24,987","19,684","5,303",2.81,1.89,"24,987","4,863","5,502","7,196","2,830","3,165","1,431","24,987","1,045","4,667","10,905","8,370"
Union County,Ohio,Percent,"25,350",98.60%,1.40%,(X),(X),"25,350",77.70%,4.00%,2.50%,3.00%,4.10%,1.90%,2.20%,4.30%,0.20%,"24,987",78.80%,21.20%,(X),(X),"24,987",19.50%,22.00%,28.80%,11.30%,12.70%,5.70%,"24,987",4.20%,18.70%,43.60%,33.50%
Warren County,Ohio,Estimate,"96,489","93,817","2,672",0,2.8,"96,489","75,149","5,848","1,842","2,392","3,649","4,650","2,680",279,0,"93,817","76,619","17,198",2.74,2.03,"93,817","15,268","20,233","22,322","18,692","10,635","6,667","93,817","2,964","25,592","41,727","23,534"
Warren County,Ohio,Percent,"96,489",97.20%,2.80%,(X),(X),"96,489",77.90%,6.10%,1.90%,2.50%,3.80%,4.80%,2.80%,0.30%,0.00%,"93,817",81.70%,18.30%,(X),(X),"93,817",16.30%,21.60%,23.80%,19.90%,11.30%,7.10%,"93,817",3.20%,27.30%,44.50%,25.10%
Wayne County,Ohio,Estimate,"46,969","44,042","2,927",1.7,5.9,"46,969","35,748","2,222","2,310","1,189","2,233",851,737,"1,679",0,"44,042","33,792","10,250",2.73,1.99,"44,042","5,567","9,665","8,615","8,148","6,086","5,961","44,042","3,156","13,272","16,991","10,623"
Wayne County,Ohio,Percent,"46,969",93.80%,6.20%,(X),(X),"46,969",76.10%,4.70%,4.90%,2.50%,4.80%,1.80%,1.60%,3.60%,0.00%,"44,042",76.70%,23.30%,(X),(X),"44,042",12.60%,21.90%,19.60%,18.50%,13.80%,13.50%,"44,042",7.20%,30.10%,38.60%,24.10%
Wood County,Ohio,Estimate,"57,755","55,064","2,691",0.1,1.8,"57,755","35,789","2,043","1,362","1,566","4,971","2,803","4,588","4,548",85,"55,064","35,610","19,454",2.53,1.82,"55,064","10,889","11,703","14,153","7,853","4,904","5,562","55,064","2,559","18,539","21,259","12,707"
Wood County,Ohio,Percent,"57,755",95.30%,4.70%,(X),(X),"57,755",62.00%,3.50%,2.40%,2.70%,8.60%,4.90%,7.90%,7.90%,0.10%,"55,064",64.70%,35.30%,(X),(X),"55,064",19.80%,21.30%,25.70%,14.30%,8.90%,10.10%,"55,064",4.60%,33.70%,38.60%,23.10%
Tennessee,Tennessee,Estimate,"3,144,583","2,846,684","297,899",0.9,5.4,"3,144,583","2,150,720","122,018","75,235","97,940","132,601","109,116","191,574","260,517","4,862","2,846,684","1,914,030","932,654",2.51,2.26,"2,846,684","517,157","699,074","675,550","436,477","262,885","255,541","2,846,684","143,926","870,406","1,098,169","734,183"
Tennessee,Tennessee,Percent,"3,144,583",90.50%,9.50%,(X),(X),"3,144,583",68.40%,3.90%,2.40%,3.10%,4.20%,3.50%,6.10%,8.30%,0.20%,"2,846,684",67.20%,32.80%,(X),(X),"2,846,684",18.20%,24.60%,23.70%,15.30%,9.20%,9.00%,"2,846,684",5.10%,30.60%,38.60%,25.80%
Anderson County,Tennessee,Estimate,"35,923","32,158","3,765",0.5,1.5,"35,923","25,786","1,232",576,952,731,"1,462","1,630","3,492",62,"32,158","23,369","8,789",2.64,1.84,"32,158","5,450","7,743","5,767","5,638","4,124","3,436","32,158","1,869","9,171","11,534","9,584"
Anderson County,Tennessee,Percent,"35,923",89.50%,10.50%,(X),(X),"35,923",71.80%,3.40%,1.60%,2.70%,2.00%,4.10%,4.50%,9.70%,0.20%,"32,158",72.70%,27.30%,(X),(X),"32,158",16.90%,24.10%,17.90%,17.50%,12.80%,10.70%,"32,158",5.80%,28.50%,35.90%,29.80%
Blount County,Tennessee,Estimate,"61,732","56,211","5,521",0.3,3.5,"61,732","48,509","1,108",716,802,"1,532",700,"1,034","7,165",166,"56,211","42,951","13,260",2.48,2.37,"56,211","6,024","14,882","13,986","9,014","6,456","5,849","56,211","1,654","14,699","22,768","17,090"
Blount County,Tennessee,Percent,"61,732",91.10%,8.90%,(X),(X),"61,732",78.60%,1.80%,1.20%,1.30%,2.50%,1.10%,1.70%,11.60%,0.30%,"56,211",76.40%,23.60%,(X),(X),"56,211",10.70%,26.50%,24.90%,16.00%,11.50%,10.40%,"56,211",2.90%,26.10%,40.50%,30.40%
Bradley County,Tennessee,Estimate,"45,886","42,035","3,851",0.9,0,"45,886","32,501",636,"1,728","2,828","1,149","1,484","1,069","4,491",0,"42,035","29,523","12,512",2.64,2.41,"42,035","6,415","9,605","10,877","7,353","3,577","4,208","42,035","1,369","11,728","16,246","12,692"
Bradley County,Tennessee,Percent,"45,886",91.60%,8.40%,(X),(X),"45,886",70.80%,1.40%,3.80%,6.20%,2.50%,3.20%,2.30%,9.80%,0.00%,"42,035",70.20%,29.80%,(X),(X),"42,035",15.30%,22.90%,25.90%,17.50%,8.50%,10.00%,"42,035",3.30%,27.90%,38.60%,30.20%
Davidson County,Tennessee,Estimate,"358,163","327,791","30,372",1.2,5.8,"358,163","179,877","34,119","11,207","10,678","23,543","24,624","70,758","2,789",568,"327,791","172,239","155,552",2.22,1.96,"327,791","86,724","90,327","70,883","39,935","22,208","17,714","327,791","21,259","134,373","118,539","53,620"
Davidson County,Tennessee,Percent,"358,163",91.50%,8.50%,(X),(X),"358,163",50.20%,9.50%,3.10%,3.00%,6.60%,6.90%,19.80%,0.80%,0.20%,"327,791",52.50%,47.50%,(X),(X),"327,791",26.50%,27.60%,21.60%,12.20%,6.80%,5.40%,"327,791",6.50%,41.00%,36.20%,16.40%
Greene County,Tennessee,Estimate,"32,685","29,065","3,620",1.5,5.7,"32,685","21,218",439,619,340,"1,636",280,547,"7,606",0,"29,065","21,955","7,110",2.44,2.26,"29,065","3,493","5,136","7,991","4,708","2,734","5,003","29,065","1,725","7,016","11,949","8,375"
Greene County,Tennessee,Percent,"32,685",88.90%,11.10%,(X),(X),"32,685",64.90%,1.30%,1.90%,1.00%,5.00%,0.90%,1.70%,23.30%,0.00%,"29,065",75.50%,24.50%,(X),(X),"29,065",12.00%,17.70%,27.50%,16.20%,9.40%,17.20%,"29,065",5.90%,24.10%,41.10%,28.80%
Hamblen County,Tennessee,Estimate,"28,191","26,994","1,197",1.2,6.4,"28,191",N,N,N,N,N,N,N,N,N,"26,994","20,038","6,956",2.44,2.26,"26,994","2,948","7,607","5,986","5,736","1,769","2,948","26,994","1,360","7,220","12,096","6,318"
Hamblen County,Tennessee,Percent,"28,191",95.80%,4.20%,(X),(X),"28,191",N,N,N,N,N,N,N,N,N,"26,994",74.20%,25.80%,(X),(X),"26,994",10.90%,28.20%,22.20%,21.20%,6.60%,10.90%,"26,994",5.00%,26.70%,44.80%,23.40%
Hamilton County,Tennessee,Estimate,"168,200","152,851","15,349",0.4,4,"168,200","115,744","6,471","6,770","3,606","4,807","7,846","18,130","4,826",0,"152,851","102,229","50,622",2.49,2.2,"152,851","32,717","36,432","33,582","22,217","12,041","15,862","152,851","8,286","47,615","59,197","37,753"
Hamilton County,Tennessee,Percent,"168,200",90.90%,9.10%,(X),(X),"168,200",68.80%,3.80%,4.00%,2.10%,2.90%,4.70%,10.80%,2.90%,0.00%,"152,851",66.90%,33.10%,(X),(X),"152,851",21.40%,23.80%,22.00%,14.50%,7.90%,10.40%,"152,851",5.40%,31.20%,38.70%,24.70%
Knox County,Tennessee,Estimate,"217,248","201,193","16,055",1.5,4.6,"217,248","142,578","13,628","3,489","7,684","10,929","15,359","14,809","8,685",87,"201,193","131,603","69,590",2.55,2.08,"201,193","41,038","50,554","46,270","29,407","16,792","17,132","201,193","10,140","66,241","77,709","47,103"
Knox County,Tennessee,Percent,"217,248",92.60%,7.40%,(X),(X),"217,248",65.60%,6.30%,1.60%,3.50%,5.00%,7.10%,6.80%,4.00%,0.00%,"201,193",65.40%,34.60%,(X),(X),"201,193",20.40%,25.10%,23.00%,14.60%,8.30%,8.50%,"201,193",5.00%,32.90%,38.60%,23.40%
Madison County,Tennessee,Estimate,"44,120","38,590","5,530",2.2,5.3,"44,120","31,571","1,496","2,269","1,962","2,341",806,"1,334","2,296",45,"38,590","24,894","13,696",2.63,2.18,"38,590","6,515","9,714","9,652","6,156","3,608","2,945","38,590","2,072","12,155","14,039","10,324"
Madison County,Tennessee,Percent,"44,120",87.50%,12.50%,(X),(X),"44,120",71.60%,3.40%,5.10%,4.40%,5.30%,1.80%,3.00%,5.20%,0.10%,"38,590",64.50%,35.50%,(X),(X),"38,590",16.90%,25.20%,25.00%,16.00%,9.30%,7.60%,"38,590",5.40%,31.50%,36.40%,26.80%
Maury County,Tennessee,Estimate,"46,397","42,343","4,054",0.7,10.6,"46,397","33,980","1,720","2,085","1,675","1,705","1,229",488,"3,515",0,"42,343","30,093","12,250",2.54,2.48,"42,343","7,027","12,963","10,254","5,125","4,066","2,908","42,343","1,017","11,859","18,285","11,182"
Maury County,Tennessee,Percent,"46,397",91.30%,8.70%,(X),(X),"46,397",73.20%,3.70%,4.50%,3.60%,3.70%,2.60%,1.10%,7.60%,0.00%,"42,343",71.10%,28.90%,(X),(X),"42,343",16.60%,30.60%,24.20%,12.10%,9.60%,6.90%,"42,343",2.40%,28.00%,43.20%,26.40%
Montgomery County,Tennessee,Estimate,"93,707","89,176","4,531",0.9,5.3,"93,707","68,501","4,307","2,004","5,890","4,554","3,694","2,315","2,442",0,"89,176","57,417","31,759",2.67,2.43,"89,176","24,087","24,277","19,885","10,528","6,024","4,375","89,176","4,130","26,173","35,543","23,330"
Montgomery County,Tennessee,Percent,"93,707",95.20%,4.80%,(X),(X),"93,707",73.10%,4.60%,2.10%,6.30%,4.90%,3.90%,2.50%,2.60%,0.00%,"89,176",64.40%,35.60%,(X),(X),"89,176",27.00%,27.20%,22.30%,11.80%,6.80%,4.90%,"89,176",4.60%,29.30%,39.90%,26.20%
Putnam County,Tennessee,Estimate,"36,544","34,678","1,866",0.5,3.5,"36,544","23,999",550,"1,802","2,645","3,085","1,250",387,"2,826",0,"34,678","20,911","13,767",2.36,2.15,"34,678","7,263","10,325","8,278","3,608","3,184","2,020","34,678","1,568","11,325","13,411","8,374"
Putnam County,Tennessee,Percent,"36,544",94.90%,5.10%,(X),(X),"36,544",65.70%,1.50%,4.90%,7.20%,8.40%,3.40%,1.10%,7.70%,0.00%,"34,678",60.30%,39.70%,(X),(X),"34,678",20.90%,29.80%,23.90%,10.40%,9.20%,5.80%,"34,678",4.50%,32.70%,38.70%,24.10%
Robertson County,Tennessee,Estimate,"29,850","28,955",895,0.7,5.1,"29,850","25,732",167,188,650,410,433,644,"1,626",0,"28,955","22,539","6,416",2.63,2.4,"28,955","3,437","8,370","6,850","4,915","3,477","1,906","28,955",946,"6,325","11,860","9,824"
Robertson County,Tennessee,Percent,"29,850",97.00%,3.00%,(X),(X),"29,850",86.20%,0.60%,0.60%,2.20%,1.40%,1.50%,2.20%,5.40%,0.00%,"28,955",77.80%,22.20%,(X),(X),"28,955",11.90%,28.90%,23.70%,17.00%,12.00%,6.60%,"28,955",3.30%,21.80%,41.00%,33.90%
Rutherford County,Tennessee,Estimate,"139,340","132,945","6,395",0.9,4.3,"139,340","94,275","10,210","1,880","3,221","8,468","6,305","11,312","3,669",0,"132,945","86,187","46,758",2.67,2.69,"132,945","29,485","33,584","35,036","19,463","9,547","5,830","132,945","3,897","39,363","53,340","36,345"
Rutherford County,Tennessee,Percent,"139,340",95.40%,4.60%,(X),(X),"139,340",67.70%,7.30%,1.30%,2.30%,6.10%,4.50%,8.10%,2.60%,0.00%,"132,945",64.80%,35.20%,(X),(X),"132,945",22.20%,25.30%,26.40%,14.60%,7.20%,4.40%,"132,945",2.90%,29.60%,40.10%,27.30%
Sevier County,Tennessee,Estimate,"58,856","42,814","16,042",1.5,14.5,"58,856","41,685","1,229","2,190",923,"2,514","1,613","3,209","5,314",179,"42,814","29,133","13,681",2.28,2.32,"42,814","7,213","10,209","10,897","7,073","3,455","3,967","42,814","1,948","10,702","16,644","13,520"
Sevier County,Tennessee,Percent,"58,856",72.70%,27.30%,(X),(X),"58,856",70.80%,2.10%,3.70%,1.60%,4.30%,2.70%,5.50%,9.00%,0.30%,"42,814",68.00%,32.00%,(X),(X),"42,814",16.80%,23.80%,25.50%,16.50%,8.10%,9.30%,"42,814",4.50%,25.00%,38.90%,31.60%
Shelby County,Tennessee,Estimate,"402,687","362,643","40,044",0.4,8.6,"402,687","267,786","16,888","7,054","20,357","30,521","22,532","31,672","5,521",356,"362,643","197,929","164,714",2.6,2.35,"362,643","69,297","96,310","78,126","56,252","32,618","30,040","362,643","30,624","131,867","136,819","63,333"
Shelby County,Tennessee,Percent,"402,687",90.10%,9.90%,(X),(X),"402,687",66.50%,4.20%,1.80%,5.10%,7.60%,5.60%,7.90%,1.40%,0.10%,"362,643",54.60%,45.40%,(X),(X),"362,643",19.10%,26.60%,21.50%,15.50%,9.00%,8.30%,"362,643",8.40%,36.40%,37.70%,17.50%
Sullivan County,Tennessee,Estimate,"76,219","69,704","6,515",0.8,2.1,"76,219","53,306","1,788","1,791","2,858","3,440","1,793","1,957","9,052",234,"69,704","51,062","18,642",2.32,2.15,"69,704","7,818","16,307","17,375","9,441","7,861","10,902","69,704","2,937","22,726","26,678","17,363"
Sullivan County,Tennessee,Percent,"76,219",91.50%,8.50%,(X),(X),"76,219",69.90%,2.30%,2.30%,3.70%,4.50%,2.40%,2.60%,11.90%,0.30%,"69,704",73.30%,26.70%,(X),(X),"69,704",11.20%,23.40%,24.90%,13.50%,11.30%,15.60%,"69,704",4.20%,32.60%,38.30%,24.90%
Sumner County,Tennessee,Estimate,"83,389","79,326","4,063",2.3,3.5,"83,389","61,614","3,133",896,"1,992","2,429","3,244","5,055","5,026",0,"79,326","58,319","21,007",2.62,2.36,"79,326","15,351","22,014","19,889","9,915","6,372","5,785","79,326","2,212","20,220","31,872","25,022"
Sumner County,Tennessee,Percent,"83,389",95.10%,4.90%,(X),(X),"83,389",73.90%,3.80%,1.10%,2.40%,2.90%,3.90%,6.10%,6.00%,0.00%,"79,326",73.50%,26.50%,(X),(X),"79,326",19.40%,27.80%,25.10%,12.50%,8.00%,7.30%,"79,326",2.80%,25.50%,40.20%,31.50%
Washington County,Tennessee,Estimate,"62,018","56,081","5,937",0,5.1,"62,018","37,838","1,978","2,068","4,515","3,198","3,553","2,199","6,570",99,"56,081","36,455","19,626",2.46,2.13,"56,081","11,266","12,565","13,369","7,635","6,190","5,056","56,081","2,168","16,306","18,988","18,619"
Washington County,Tennessee,Percent,"62,018",90.40%,9.60%,(X),(X),"62,018",61.00%,3.20%,3.30%,7.30%,5.20%,5.70%,3.50%,10.60%,0.20%,"56,081",65.00%,35.00%,(X),(X),"56,081",20.10%,22.40%,23.80%,13.60%,11.00%,9.00%,"56,081",3.90%,29.10%,33.90%,33.20%
Williamson County,Tennessee,Estimate,"98,014","93,752","4,262",0.5,7.3,"98,014","76,012","6,216",495,777,"2,066","1,695","9,126","1,542",85,"93,752","75,616","18,136",2.89,2.26,"93,752","19,368","20,530","27,919","14,656","6,829","4,450","93,752","1,573","19,389","43,772","29,018"
Williamson County,Tennessee,Percent,"98,014",95.70%,4.30%,(X),(X),"98,014",77.60%,6.30%,0.50%,0.80%,2.10%,1.70%,9.30%,1.60%,0.10%,"93,752",80.70%,19.30%,(X),(X),"93,752",20.70%,21.90%,29.80%,15.60%,7.30%,4.70%,"93,752",1.70%,20.70%,46.70%,31.00%
Wilson County,Tennessee,Estimate,"63,192","60,788","2,404",0,0,"63,192","48,429","2,627","1,821",312,"3,054","1,116","2,912","2,742",179,"60,788","45,272","15,516",2.72,2.16,"60,788","11,730","14,739","15,652","9,973","4,448","4,246","60,788","1,131","15,658","27,289","16,710"
Wilson County,Tennessee,Percent,"63,192",96.20%,3.80%,(X),(X),"63,192",76.60%,4.20%,2.90%,0.50%,4.80%,1.80%,4.60%,4.30%,0.30%,"60,788",74.50%,25.50%,(X),(X),"60,788",19.30%,24.20%,25.70%,16.40%,7.30%,7.00%,"60,788",1.90%,25.80%,44.90%,27.50%
West Virginia,West Virginia,Estimate,"861,686","736,341","125,345",1,7.1,"861,686","608,979","23,140","17,107","25,834","22,708","16,073","27,679","118,617","1,549","736,341","548,389","187,952",2.4,2.16,"736,341","96,287","141,842","170,323","128,875","81,323","117,691","736,341","59,136","253,248","274,153","149,804"
West Virginia,West Virginia,Percent,"861,686",85.50%,14.50%,(X),(X),"861,686",70.70%,2.70%,2.00%,3.00%,2.60%,1.90%,3.20%,13.80%,0.20%,"736,341",74.50%,25.50%,(X),(X),"736,341",13.10%,19.30%,23.10%,17.50%,11.00%,16.00%,"736,341",8.00%,34.40%,37.20%,20.30%
Berkeley County,West Virginia,Estimate,"53,789","51,145","2,644",0.5,0,"53,789","38,497","5,981",774,504,"1,250",924,598,"5,098",163,"51,145","41,150","9,995",2.56,2.31,"51,145","8,540","12,886","12,435","10,197","3,814","3,273","51,145","1,655","13,775","21,052","14,663"
Berkeley County,West Virginia,Percent,"53,789",95.10%,4.90%,(X),(X),"53,789",71.60%,11.10%,1.40%,0.90%,2.30%,1.70%,1.10%,9.50%,0.30%,"51,145",80.50%,19.50%,(X),(X),"51,145",16.70%,25.20%,24.30%,19.90%,7.50%,6.40%,"51,145",3.20%,26.90%,41.20%,28.70%
Cabell County,West Virginia,Estimate,"46,042","38,887","7,155",0.6,7.2,"46,042","31,518","1,015","1,682","1,710","2,002","2,422","2,209","3,456",28,"38,887","25,833","13,054",2.37,2.06,"38,887","6,280","9,660","9,315","5,196","3,192","5,244","38,887","3,673","15,862","14,560","4,792"
Cabell County,West Virginia,Percent,"46,042",84.50%,15.50%,(X),(X),"46,042",68.50%,2.20%,3.70%,3.70%,4.30%,5.30%,4.80%,7.50%,0.10%,"38,887",66.40%,33.60%,(X),(X),"38,887",16.10%,24.80%,24.00%,13.40%,8.20%,13.50%,"38,887",9.40%,40.80%,37.40%,12.30%
Harrison County,West Virginia,Estimate,"30,545","25,987","4,558",2.3,22.2,"30,545","23,765",626,732,873,776,"1,169",679,"1,925",0,"25,987","19,505","6,482",2.52,2.28,"25,987","2,851","3,801","6,859","4,335","3,457","4,684","25,987","1,848","8,253","11,061","4,825"
Harrison County,West Virginia,Percent,"30,545",85.10%,14.90%,(X),(X),"30,545",77.80%,2.00%,2.40%,2.90%,2.50%,3.80%,2.20%,6.30%,0.00%,"25,987",75.10%,24.90%,(X),(X),"25,987",11.00%,14.60%,26.40%,16.70%,13.30%,18.00%,"25,987",7.10%,31.80%,42.60%,18.60%
Kanawha County,West Virginia,Estimate,"90,444","78,246","12,198",1.6,8.1,"90,444","60,282","1,939","2,259","5,319","3,061","2,782","5,686","9,116",0,"78,246","51,745","26,501",2.32,1.98,"78,246","11,748","16,882","19,110","10,879","7,743","11,884","78,246","8,771","31,646","25,010","12,819"
Kanawha County,West Virginia,Percent,"90,444",86.50%,13.50%,(X),(X),"90,444",66.70%,2.10%,2.50%,5.90%,3.40%,3.10%,6.30%,10.10%,0.00%,"78,246",66.10%,33.90%,(X),(X),"78,246",15.00%,21.60%,24.40%,13.90%,9.90%,15.20%,"78,246",11.20%,40.40%,32.00%,16.40%
Monongalia County,West Virginia,Estimate,"49,952","44,767","5,185",3.4,11.8,"49,952","24,401","4,531","1,722","2,369","3,029","3,596","6,187","3,895",222,"44,767","25,891","18,876",2.42,2,"44,767","12,759","10,182","10,462","4,100","3,233","4,031","44,767","2,549","17,626","17,561","7,031"
Monongalia County,West Virginia,Percent,"49,952",89.60%,10.40%,(X),(X),"49,952",48.80%,9.10%,3.40%,4.70%,6.10%,7.20%,12.40%,7.80%,0.40%,"44,767",57.80%,42.20%,(X),(X),"44,767",28.50%,22.70%,23.40%,9.20%,7.20%,9.00%,"44,767",5.70%,39.40%,39.20%,15.70%
Raleigh County,West Virginia,Estimate,"34,630","28,043","6,587",1,5.9,"34,630","26,366","1,208",402,721,"1,000",318,"1,011","3,604",0,"28,043","20,398","7,645",2.5,2.41,"28,043","3,629","4,965","5,869","4,769","2,707","6,104","28,043","2,803","9,768","10,333","5,139"
Raleigh County,West Virginia,Percent,"34,630",81.00%,19.00%,(X),(X),"34,630",76.10%,3.50%,1.20%,2.10%,2.90%,0.90%,2.90%,10.40%,0.00%,"28,043",72.70%,27.30%,(X),(X),"28,043",12.90%,17.70%,20.90%,17.00%,9.70%,21.80%,"28,043",10.00%,34.80%,36.80%,18.30%
Wood County,West Virginia,Estimate,"40,324","37,220","3,104",1.4,4.4,"40,324","30,687",532,"1,024","1,975",606,523,"1,501","3,407",69,"37,220","27,775","9,445",2.21,2.21,"37,220","5,024","5,763","9,507","6,215","5,580","5,131","37,220","2,197","13,831","13,895","7,297"
Wood County,West Virginia,Percent,"40,324",92.30%,7.70%,(X),(X),"40,324",76.10%,1.30%,2.50%,4.90%,1.50%,1.30%,3.70%,8.40%,0.20%,"37,220",74.60%,25.40%,(X),(X),"37,220",13.50%,15.50%,25.50%,16.70%,15.00%,13.80%,"37,220",5.90%,37.20%,37.30%,19.60%
