County,State,Label,Total households,Married-couple household,With children of the householder under 18 years,Cohabiting couple household,With children of the householder under 18 years2,"Male householder, no spouse/partner present",With children of the householder under 18 years3,Householder living alone,65 years and over,"Female householder, no spouse/partner present",With children of the householder under 18 years4,Householder living alone5,65 years and over6,Households with one or more people under 18 years,Households with one or more people 65 years and over,Average household size,Average family size,Population in households,Householder,Spouse,Unmarried partner,Child,Other relatives,Other nonrelatives,Males 15 years and over,Never married,"Now married, except separated",Separated,Widowed,Divorced,Females 15 years and over,Never married7,"Now married, except separated8",Separated9,Widowed10,Divorced11,Column12
Connecticut,Connecticut,Estimate,"1,428,313","664,848","249,151","104,776","31,427","244,917","15,435","177,429","58,033","413,772","72,761","234,337","123,406","405,492","470,054",2.45,3.04,"3,496,460","1,428,313","662,973","106,567","1,015,971","194,848","87,788","1,468,595","568,793","726,817","17,312","36,202","119,471","1,549,940","514,946","690,219","25,422","125,563","193,790",
Connecticut,Connecticut,Percent,"1,428,313",46.50%,17.40%,7.30%,2.20%,17.10%,1.10%,12.40%,4.10%,29.00%,5.10%,16.40%,8.60%,28.40%,32.90%,(X),(X),"3,496,460",40.90%,19.00%,3.00%,29.10%,5.60%,2.50%,"1,468,595",38.70%,49.50%,1.20%,2.50%,8.10%,"1,549,940",33.20%,44.50%,1.60%,8.10%,12.50%,
Fairfield County,Connecticut,Estimate,"357,271","182,947","75,190","21,997","6,474","51,986","3,972","37,672","13,190","100,341","17,069","57,472","31,214","110,630","116,195",2.64,3.25,"942,395","357,271","182,362","22,549","300,487","56,976","22,750","384,014","140,659","204,111","4,999","7,589","26,656","405,765","129,750","188,196","7,150","34,379","46,290",
Fairfield County,Connecticut,Percent,"357,271",51.20%,21.00%,6.20%,1.80%,14.60%,1.10%,10.50%,3.70%,28.10%,4.80%,16.10%,8.70%,31.00%,32.50%,(X),(X),"942,395",37.90%,19.40%,2.40%,31.90%,6.00%,2.40%,"384,014",36.60%,53.20%,1.30%,2.00%,6.90%,"405,765",32.00%,46.40%,1.80%,8.50%,11.40%,
Hartford County,Connecticut,Estimate,"360,140","158,481","64,991","26,119","7,457","62,918","3,265","45,112","14,393","112,622","22,116","63,388","33,308","107,676","115,376",2.42,3.06,"872,887","360,140","157,684","26,850","259,626","50,546","18,041","360,998","146,433","173,659","4,547","9,147","27,212","383,958","134,708","163,902","5,908","32,083","47,357",
Hartford County,Connecticut,Percent,"360,140",44.00%,18.00%,7.30%,2.10%,17.50%,0.90%,12.50%,4.00%,31.30%,6.10%,17.60%,9.20%,29.90%,32.00%,(X),(X),"872,887",41.30%,18.10%,3.10%,29.70%,5.80%,2.10%,"360,998",40.60%,48.10%,1.30%,2.50%,7.50%,"383,958",35.10%,42.70%,1.50%,8.40%,12.30%,
Litchfield County,Connecticut,Estimate,"77,106","40,653","12,650","5,577","1,931","13,149",914,"10,544","4,069","17,727","2,007","10,104","6,394","19,626","31,081",2.37,2.83,"182,429","77,106","40,524","5,711","45,774","8,877","4,437","78,841","25,229","43,689",575,"1,540","7,808","80,526","19,974","42,103",920,"7,716","9,813",
Litchfield County,Connecticut,Percent,"77,106",52.70%,16.40%,7.20%,2.50%,17.10%,1.20%,13.70%,5.30%,23.00%,2.60%,13.10%,8.30%,25.50%,40.30%,(X),(X),"182,429",42.30%,22.20%,3.10%,25.10%,4.90%,2.40%,"78,841",32.00%,55.40%,0.70%,2.00%,9.90%,"80,526",24.80%,52.30%,1.10%,9.60%,12.20%,
Middlesex County,Connecticut,Estimate,"69,789","35,564","10,533","5,455",853,"13,057",391,"10,868","3,436","15,713","1,613","10,630","5,430","14,741","24,170",2.28,2.88,"159,256","69,789","35,383","5,631","39,180","5,600","3,673","70,668","26,489","34,764",516,"1,906","6,993","73,085","19,158","38,497",648,"6,055","8,727",
Middlesex County,Connecticut,Percent,"69,789",51.00%,15.10%,7.80%,1.20%,18.70%,0.60%,15.60%,4.90%,22.50%,2.30%,15.20%,7.80%,21.10%,34.60%,(X),(X),"159,256",43.80%,22.20%,3.50%,24.60%,3.50%,2.30%,"70,668",37.50%,49.20%,0.70%,2.70%,9.90%,"73,085",26.20%,52.70%,0.90%,8.30%,11.90%,
New Haven County,Connecticut,Estimate,"349,089","147,237","53,518","25,468","8,314","66,030","3,550","47,423","15,278","110,354","19,438","59,053","29,718","94,874","114,001",2.39,3,"834,732","349,089","147,665","25,049","238,042","50,962","23,925","347,630","142,866","160,868","4,658","9,532","29,706","376,455","131,415","156,314","8,423","28,212","52,091",
New Haven County,Connecticut,Percent,"349,089",42.20%,15.30%,7.30%,2.40%,18.90%,1.00%,13.60%,4.40%,31.60%,5.60%,16.90%,8.50%,27.20%,32.70%,(X),(X),"834,732",41.80%,17.70%,3.00%,28.50%,6.10%,2.90%,"347,630",41.10%,46.30%,1.30%,2.70%,8.50%,"376,455",34.90%,41.50%,2.20%,7.50%,13.80%,
New London County,Connecticut,Estimate,"110,950","50,144","16,990","9,082","3,072","20,765","2,020","14,693","4,186","30,959","5,595","18,577","9,368","29,754","36,140",2.32,2.87,"257,214","110,950","50,185","9,040","69,310","11,352","6,377","113,539","41,059","54,905","1,342","3,975","12,258","113,517","34,933","52,074","1,311","8,806","16,393",
New London County,Connecticut,Percent,"110,950",45.20%,15.30%,8.20%,2.80%,18.70%,1.80%,13.20%,3.80%,27.90%,5.00%,16.70%,8.40%,26.80%,32.60%,(X),(X),"257,214",43.10%,19.50%,3.50%,26.90%,4.40%,2.50%,"113,539",36.20%,48.40%,1.20%,3.50%,10.80%,"113,517",30.80%,45.90%,1.20%,7.80%,14.40%,
Tolland County,Connecticut,Estimate,"58,244","29,171","10,227","5,818","1,391","9,467",556,"6,058","1,809","13,788","2,203","8,232","4,583","15,962","18,801",2.33,2.81,"135,905","58,244","28,272","6,712","33,907","3,475","5,295","64,834","27,875","31,511",227,"1,015","4,206","66,550","27,499","27,247",279,"4,332","7,193",
Tolland County,Connecticut,Percent,"58,244",50.10%,17.60%,10.00%,2.40%,16.30%,1.00%,10.40%,3.10%,23.70%,3.80%,14.10%,7.90%,27.40%,32.30%,(X),(X),"135,905",42.90%,20.80%,4.90%,24.90%,2.60%,3.90%,"64,834",43.00%,48.60%,0.40%,1.60%,6.50%,"66,550",41.30%,40.90%,0.40%,6.50%,10.80%,
Windham County,Connecticut,Estimate,"45,724","20,651","5,052","5,260","1,935","7,545",767,"5,059","1,672","12,268","2,720","6,881","3,391","12,229","14,290",2.44,2.92,"111,642","45,724","20,898","5,025","29,645","7,060","3,290","48,071","18,183","23,310",448,"1,498","4,632","50,084","17,509","21,886",783,"3,980","5,926",
Windham County,Connecticut,Percent,"45,724",45.20%,11.00%,11.50%,4.20%,16.50%,1.70%,11.10%,3.70%,26.80%,5.90%,15.00%,7.40%,26.70%,31.30%,(X),(X),"111,642",41.00%,18.70%,4.50%,26.60%,6.30%,2.90%,"48,071",37.80%,48.50%,0.90%,3.10%,9.60%,"50,084",35.00%,43.70%,1.60%,7.90%,11.80%,
Delaware,Delaware,Estimate,"402,334","197,223","60,960","28,592","10,999","64,377","4,786","47,160","16,672","112,142","18,287","68,082","35,180","109,771","146,502",2.47,3.04,"995,708","402,334","197,174","28,632","272,695","67,629","27,244","407,489","139,158","213,063","4,807","14,047","36,414","439,426","135,676","204,004","6,771","40,094","52,881",
Delaware,Delaware,Percent,"402,334",49.00%,15.20%,7.10%,2.70%,16.00%,1.20%,11.70%,4.10%,27.90%,4.50%,16.90%,8.70%,27.30%,36.40%,(X),(X),"995,708",40.40%,19.80%,2.90%,27.40%,6.80%,2.70%,"407,489",34.20%,52.30%,1.20%,3.40%,8.90%,"439,426",30.90%,46.40%,1.50%,9.10%,12.00%,
Kent County,Delaware,Estimate,"73,497","37,188","12,949","6,624","3,338","10,708",841,"7,946","2,896","18,977","3,741","11,020","6,640","23,639","24,841",2.49,2.96,"182,773","73,497","37,450","6,352","51,817","10,875","2,782","72,692","23,860","38,267","1,019","3,037","6,509","78,674","20,292","39,203","1,907","7,774","9,498",
Kent County,Delaware,Percent,"73,497",50.60%,17.60%,9.00%,4.50%,14.60%,1.10%,10.80%,3.90%,25.80%,5.10%,15.00%,9.00%,32.20%,33.80%,(X),(X),"182,773",40.20%,20.50%,3.50%,28.40%,6.00%,1.50%,"72,692",32.80%,52.60%,1.40%,4.20%,9.00%,"78,674",25.80%,49.80%,2.40%,9.90%,12.10%,
New Castle County,Delaware,Estimate,"223,989","99,953","34,882","15,857","5,759","39,491","3,255","28,171","8,430","68,688","11,709","41,250","18,106","63,781","70,773",2.5,3.16,"559,839","223,989","99,757","16,074","161,866","40,051","18,102","229,531","86,957","110,751","2,998","7,321","21,504","246,645","90,758","102,233","3,117","19,846","30,691",
New Castle County,Delaware,Percent,"223,989",44.60%,15.60%,7.10%,2.60%,17.60%,1.50%,12.60%,3.80%,30.70%,5.20%,18.40%,8.10%,28.50%,31.60%,(X),(X),"559,839",40.00%,17.80%,2.90%,28.90%,7.20%,3.20%,"229,531",37.90%,48.30%,1.30%,3.20%,9.40%,"246,645",36.80%,41.40%,1.30%,8.00%,12.40%,
Sussex County,Delaware,Estimate,"104,848","60,082","13,129","6,111","1,902","14,178",690,"11,043","5,346","24,477","2,837","15,812","10,434","22,351","50,888",2.41,2.86,"253,096","104,848","59,967","6,206","59,012","16,703","6,360","105,266","28,341","64,045",790,"3,689","8,401","114,107","24,626","62,568","1,747","12,474","12,692",
Sussex County,Delaware,Percent,"104,848",57.30%,12.50%,5.80%,1.80%,13.50%,0.70%,10.50%,5.10%,23.30%,2.70%,15.10%,10.00%,21.30%,48.50%,(X),(X),"253,096",41.40%,23.70%,2.50%,23.30%,6.60%,2.50%,"105,266",26.90%,60.80%,0.80%,3.50%,8.00%,"114,107",21.60%,54.80%,1.50%,10.90%,11.10%,
Kentucky,Kentucky,Estimate,"1,828,680","860,710","313,826","132,618","47,167","338,127","21,136","249,992","76,301","497,225","85,946","293,025","149,734","534,343","573,920",2.4,2.97,"4,392,235","1,828,680","860,158","133,236","1,196,855","257,166","116,140","1,810,319","599,143","922,396","26,642","56,582","205,556","1,876,410","497,362","897,913","37,342","186,284","257,509",
Kentucky,Kentucky,Percent,"1,828,680",47.10%,17.20%,7.30%,2.60%,18.50%,1.20%,13.70%,4.20%,27.20%,4.70%,16.00%,8.20%,29.20%,31.40%,(X),(X),"4,392,235",41.60%,19.60%,3.00%,27.20%,5.90%,2.60%,"1,810,319",33.10%,51.00%,1.50%,3.10%,11.40%,"1,876,410",26.50%,47.90%,2.00%,9.90%,13.70%,
Boone County,Kentucky,Estimate,"52,041","29,332","12,397","4,454","1,878","8,386",807,"5,762","1,732","9,869","1,761","4,970","3,226","19,050","14,561",2.65,3.05,"137,659","52,041","29,412","4,370","42,008","6,661","3,167","54,653","16,889","30,535",477,955,"5,797","55,916","15,035","30,368",282,"3,460","6,771",
Boone County,Kentucky,Percent,"52,041",56.40%,23.80%,8.60%,3.60%,16.10%,1.60%,11.10%,3.30%,19.00%,3.40%,9.60%,6.20%,36.60%,28.00%,(X),(X),"137,659",37.80%,21.40%,3.20%,30.50%,4.80%,2.30%,"54,653",30.90%,55.90%,0.90%,1.70%,10.60%,"55,916",26.90%,54.30%,0.50%,6.20%,12.10%,
Bullitt County,Kentucky,Estimate,"32,308","17,557","6,278","2,972","1,107","4,378",326,"2,550",760,"7,401","1,652","3,758","2,217","11,136","10,875",2.59,2.93,"83,729","32,308","17,547","2,975","21,718","6,854","2,327","34,486","9,249","19,307",280,"1,323","4,327","34,959","7,262","18,682",392,"2,972","5,651",
Bullitt County,Kentucky,Percent,"32,308",54.30%,19.40%,9.20%,3.40%,13.60%,1.00%,7.90%,2.40%,22.90%,5.10%,11.60%,6.90%,34.50%,33.70%,(X),(X),"83,729",38.60%,21.00%,3.60%,25.90%,8.20%,2.80%,"34,486",26.80%,56.00%,0.80%,3.80%,12.50%,"34,959",20.80%,53.40%,1.10%,8.50%,16.20%,
Campbell County,Kentucky,Estimate,"39,836","17,527","6,911","3,119",670,"8,538",688,"6,298","1,598","10,652",964,"7,432","3,605","10,222","11,793",2.28,2.98,"90,900","39,836","17,694","2,947","22,444","4,837","3,142","38,421","13,322","19,811",260,949,"4,079","39,078","11,978","18,121",159,"3,502","5,318",
Campbell County,Kentucky,Percent,"39,836",44.00%,17.30%,7.80%,1.70%,21.40%,1.70%,15.80%,4.00%,26.70%,2.40%,18.70%,9.00%,25.70%,29.60%,(X),(X),"90,900",43.80%,19.50%,3.20%,24.70%,5.30%,3.50%,"38,421",34.70%,51.60%,0.70%,2.50%,10.60%,"39,078",30.70%,46.40%,0.40%,9.00%,13.60%,
Christian County,Kentucky,Estimate,"25,454","12,467","5,774","1,093",325,"4,984",212,"3,927",738,"6,910","1,378","3,616","1,615","8,512","6,250",2.71,3.42,"69,007","25,454","12,429","1,127","24,663","3,467","1,867","28,839","10,860","14,096",287,152,"3,444","26,459","6,728","13,436",846,"2,043","3,406",
Christian County,Kentucky,Percent,"25,454",49.00%,22.70%,4.30%,1.30%,19.60%,0.80%,15.40%,2.90%,27.10%,5.40%,14.20%,6.30%,33.40%,24.60%,(X),(X),"69,007",36.90%,18.00%,1.60%,35.70%,5.00%,2.70%,"28,839",37.70%,48.90%,1.00%,0.50%,11.90%,"26,459",25.40%,50.80%,3.20%,7.70%,12.90%,
Daviess County,Kentucky,Estimate,"41,111","19,106","5,543","3,536","1,787","6,191",250,"4,539",858,"12,278","2,670","7,160","4,021","11,600","12,929",2.46,2.93,"101,303","41,111","19,046","3,593","28,401","4,524","4,628","40,501","15,036","21,321",155,846,"3,143","42,367","13,184","18,647",311,"4,268","5,957",
Daviess County,Kentucky,Percent,"41,111",46.50%,13.50%,8.60%,4.30%,15.10%,0.60%,11.00%,2.10%,29.90%,6.50%,17.40%,9.80%,28.20%,31.40%,(X),(X),"101,303",40.60%,18.80%,3.50%,28.00%,4.50%,4.60%,"40,501",37.10%,52.60%,0.40%,2.10%,7.80%,"42,367",31.10%,44.00%,0.70%,10.10%,14.10%,
Fayette County,Kentucky,Estimate,"140,837","53,699","21,139","12,940","3,065","31,066","1,313","24,174","5,933","43,132","6,813","25,652","9,797","35,535","36,066",2.19,2.87,"307,747","140,837","54,103","12,552","76,977","14,751","8,527","129,885","53,373","59,053","2,033","2,260","13,166","136,181","50,381","55,871","1,919","8,987","19,023",
Fayette County,Kentucky,Percent,"140,837",38.10%,15.00%,9.20%,2.20%,22.10%,0.90%,17.20%,4.20%,30.60%,4.80%,18.20%,7.00%,25.20%,25.60%,(X),(X),"307,747",45.80%,17.60%,4.10%,25.00%,4.80%,2.80%,"129,885",41.10%,45.50%,1.60%,1.70%,10.10%,"136,181",37.00%,41.00%,1.40%,6.60%,14.00%,
Hardin County,Kentucky,Estimate,"44,414","21,988","8,037","2,650","1,245","7,983",648,"5,750","1,885","11,793","1,987","7,165","3,974","13,653","13,465",2.41,2.95,"107,116","44,414","22,102","2,541","31,750","4,057","2,252","43,781","13,774","23,207",515,"1,222","5,063","45,720","11,321","23,785","1,025","5,499","4,090",
Hardin County,Kentucky,Percent,"44,414",49.50%,18.10%,6.00%,2.80%,18.00%,1.50%,12.90%,4.20%,26.60%,4.50%,16.10%,8.90%,30.70%,30.30%,(X),(X),"107,116",41.50%,20.60%,2.40%,29.60%,3.80%,2.10%,"43,781",31.50%,53.00%,1.20%,2.80%,11.60%,"45,720",24.80%,52.00%,2.20%,12.00%,8.90%,
Jefferson County,Kentucky,Estimate,"336,916","133,280","45,576","27,369","8,311","69,393","2,378","52,214","15,584","106,874","18,682","64,215","28,477","81,679","101,574",2.26,2.94,"760,541","336,916","132,746","27,919","201,943","40,060","20,957","305,249","118,367","142,144","4,282","9,008","31,448","328,568","108,359","140,704","6,799","28,567","44,139",
Jefferson County,Kentucky,Percent,"336,916",39.60%,13.50%,8.10%,2.50%,20.60%,0.70%,15.50%,4.60%,31.70%,5.50%,19.10%,8.50%,24.20%,30.10%,(X),(X),"760,541",44.30%,17.50%,3.70%,26.60%,5.30%,2.80%,"305,249",38.80%,46.60%,1.40%,3.00%,10.30%,"328,568",33.00%,42.80%,2.10%,8.70%,13.40%,
Kenton County,Kentucky,Estimate,"66,791","32,355","11,664","4,877","1,660","13,941",792,"10,536","3,222","15,618","2,441","9,541","4,260","18,406","19,209",2.53,3.22,"168,807","66,791","32,372","4,859","51,513","9,545","3,727","68,742","24,056","35,400",285,"3,069","5,932","70,304","21,814","33,542",584,"4,710","9,654",
Kenton County,Kentucky,Percent,"66,791",48.40%,17.50%,7.30%,2.50%,20.90%,1.20%,15.80%,4.80%,23.40%,3.70%,14.30%,6.40%,27.60%,28.80%,(X),(X),"168,807",39.60%,19.20%,2.90%,30.50%,5.70%,2.20%,"68,742",35.00%,51.50%,0.40%,4.50%,8.60%,"70,304",31.00%,47.70%,0.80%,6.70%,13.70%,
McCracken County,Kentucky,Estimate,"26,995","11,671","3,778","2,109",384,"4,645",242,"3,574","1,542","8,570","1,112","6,485","3,176","6,188","9,550",2.46,3.34,"66,507","26,995","11,834","1,959","18,024","5,155","2,540","26,172","8,216","12,996",279,939,"3,742","28,568","6,718","11,511","1,031","3,832","5,476",
McCracken County,Kentucky,Percent,"26,995",43.20%,14.00%,7.80%,1.40%,17.20%,0.90%,13.20%,5.70%,31.70%,4.10%,24.00%,11.80%,22.90%,35.40%,(X),(X),"66,507",40.60%,17.80%,2.90%,27.10%,7.80%,3.80%,"26,172",31.40%,49.70%,1.10%,3.60%,14.30%,"28,568",23.50%,40.30%,3.60%,13.40%,19.20%,
Madison County,Kentucky,Estimate,"37,118","15,901","5,314","2,800",774,"8,817",343,"6,270","1,173","9,600","1,200","5,941","3,070","8,935","10,261",2.42,3.05,"89,694","37,118","15,790","2,908","22,621","5,270","5,987","39,135","15,847","16,777",695,452,"5,364","40,149","13,510","16,634","1,005","3,538","5,462",
Madison County,Kentucky,Percent,"37,118",42.80%,14.30%,7.50%,2.10%,23.80%,0.90%,16.90%,3.20%,25.90%,3.20%,16.00%,8.30%,24.10%,27.60%,(X),(X),"89,694",41.40%,17.60%,3.20%,25.20%,5.90%,6.70%,"39,135",40.50%,42.90%,1.80%,1.20%,13.70%,"40,149",33.60%,41.40%,2.50%,8.80%,13.60%,
Oldham County,Kentucky,Estimate,"22,519","16,059","6,955",830,437,"2,070",740,"1,072",309,"3,560",556,"2,284","1,030","9,075","6,746",2.9,3.16,"65,265","22,519","15,510","1,382","22,799","2,417",638,"29,786","9,564","16,308",168,559,"3,187","26,100","5,057","16,446",255,"2,042","2,300",
Oldham County,Kentucky,Percent,"22,519",71.30%,30.90%,3.70%,1.90%,9.20%,3.30%,4.80%,1.40%,15.80%,2.50%,10.10%,4.60%,40.30%,30.00%,(X),(X),"65,265",34.50%,23.80%,2.10%,34.90%,3.70%,1.00%,"29,786",32.10%,54.80%,0.60%,1.90%,10.70%,"26,100",19.40%,63.00%,1.00%,7.80%,8.80%,
Pulaski County,Kentucky,Estimate,"27,552","13,487","4,665","1,768","1,020","5,128",560,"3,372","1,177","7,169","1,563","3,075","1,873","9,193","9,801",2.34,2.65,"64,578","27,552","13,503","1,743","15,469","4,755","1,556","26,051","7,695","13,282",221,959,"3,894","28,192","4,663","14,527","1,446","3,357","4,199",
Pulaski County,Kentucky,Percent,"27,552",49.00%,16.90%,6.40%,3.70%,18.60%,2.00%,12.20%,4.30%,26.00%,5.70%,11.20%,6.80%,33.40%,35.60%,(X),(X),"64,578",42.70%,20.90%,2.70%,24.00%,7.40%,2.40%,"26,051",29.50%,51.00%,0.80%,3.70%,14.90%,"28,192",16.50%,51.50%,5.10%,11.90%,14.90%,
Warren County,Kentucky,Estimate,"55,234","23,433","9,316","4,876","1,185","11,583",513,"8,764","1,752","15,342","1,957","9,846","3,018","15,229","12,806",2.44,3.23,"134,660","55,234","23,872","4,439","36,897","7,060","7,158","55,518","21,703","26,632","1,147","1,358","4,678","57,938","22,004","24,131",520,"3,724","7,559",
Warren County,Kentucky,Percent,"55,234",42.40%,16.90%,8.80%,2.10%,21.00%,0.90%,15.90%,3.20%,27.80%,3.50%,17.80%,5.50%,27.60%,23.20%,(X),(X),"134,660",41.00%,17.70%,3.30%,27.40%,5.20%,5.30%,"55,518",39.10%,48.00%,2.10%,2.40%,8.40%,"57,938",38.00%,41.60%,0.90%,6.40%,13.00%,
Ohio,Ohio,Estimate,"4,878,206","2,173,755","777,371","380,688","119,414","944,904","60,986","719,905","214,492","1,378,859","249,962","831,838","415,327","1,332,733","1,550,240",2.35,2.98,"11,472,112","4,878,206","2,174,161","380,317","3,186,637","556,293","296,498","4,733,321","1,723,300","2,314,227","64,689","143,365","487,740","4,922,185","1,510,124","2,253,618","80,324","437,516","640,603",
Ohio,Ohio,Percent,"4,878,206",44.60%,15.90%,7.80%,2.40%,19.40%,1.30%,14.80%,4.40%,28.30%,5.10%,17.10%,8.50%,27.30%,31.80%,(X),(X),"11,472,112",42.50%,19.00%,3.30%,27.80%,4.80%,2.60%,"4,733,321",36.40%,48.90%,1.40%,3.00%,10.30%,"4,922,185",30.70%,45.80%,1.60%,8.90%,13.00%,
Allen County,Ohio,Estimate,"41,028","17,393","6,064","3,547","1,128","8,596",626,"6,279","1,778","11,492","1,689","7,712","4,417","11,582","13,853",2.4,3.05,"98,596","41,028","17,089","3,860","27,990","4,814","3,815","41,322","15,826","18,338","1,134","1,275","4,749","40,859","11,207","17,396",586,"4,285","7,385",
Allen County,Ohio,Percent,"41,028",42.40%,14.80%,8.60%,2.70%,21.00%,1.50%,15.30%,4.30%,28.00%,4.10%,18.80%,10.80%,28.20%,33.80%,(X),(X),"98,596",41.60%,17.30%,3.90%,28.40%,4.90%,3.90%,"41,322",38.30%,44.40%,2.70%,3.10%,11.50%,"40,859",27.40%,42.60%,1.40%,10.50%,18.10%,
Ashtabula County,Ohio,Estimate,"38,898","16,649","4,945","3,555","1,188","8,477",687,"6,456","2,731","10,217","2,221","5,564","3,520","10,468","14,766",2.41,3.01,"93,581","38,898","16,468","3,723","25,830","4,997","3,665","40,229","14,143","17,658",712,"2,457","5,259","39,186","10,060","17,725","1,150","4,184","6,067",
Ashtabula County,Ohio,Percent,"38,898",42.80%,12.70%,9.10%,3.10%,21.80%,1.80%,16.60%,7.00%,26.30%,5.70%,14.30%,9.00%,26.90%,38.00%,(X),(X),"93,581",41.60%,17.60%,4.00%,27.60%,5.30%,3.90%,"40,229",35.20%,43.90%,1.80%,6.10%,13.10%,"39,186",25.70%,45.20%,2.90%,10.70%,15.50%,
Belmont County,Ohio,Estimate,"26,781","14,124","4,711","1,523",383,"4,411",537,"3,039","1,363","6,723","1,041","4,286","2,268","6,976","9,760",2.31,2.81,"61,881","26,781","14,092","1,548","17,453","1,437",570,"27,903","9,897","14,276",451,867,"2,412","27,411","6,706","14,993",576,"2,487","2,649",
Belmont County,Ohio,Percent,"26,781",52.70%,17.60%,5.70%,1.40%,16.50%,2.00%,11.30%,5.10%,25.10%,3.90%,16.00%,8.50%,26.00%,36.40%,(X),(X),"61,881",43.30%,22.80%,2.50%,28.20%,2.30%,0.90%,"27,903",35.50%,51.20%,1.60%,3.10%,8.60%,"27,411",24.50%,54.70%,2.10%,9.10%,9.70%,
Butler County,Ohio,Estimate,"148,259","76,440","29,778","11,440","2,999","24,372","2,073","17,643","4,609","36,007","7,641","18,784","10,012","46,890","45,470",2.54,3.05,"377,315","148,259","76,132","11,712","112,799","18,032","10,381","153,668","53,006","81,486","2,215","3,946","13,015","161,051","49,414","79,207","2,165","12,040","18,225",
Butler County,Ohio,Percent,"148,259",51.60%,20.10%,7.70%,2.00%,16.40%,1.40%,11.90%,3.10%,24.30%,5.20%,12.70%,6.80%,31.60%,30.70%,(X),(X),"377,315",39.30%,20.20%,3.10%,29.90%,4.80%,2.80%,"153,668",34.50%,53.00%,1.40%,2.60%,8.50%,"161,051",30.70%,49.20%,1.30%,7.50%,11.30%,
Clark County,Ohio,Estimate,"56,033","21,465","6,890","5,880","1,907","12,324","1,421","8,501","2,727","16,364","2,539","9,892","6,322","14,921","20,626",2.36,3,"132,497","56,033","21,267","6,056","33,925","10,457","4,759","53,564","18,002","23,650","1,338","2,111","8,463","56,949","16,346","22,382",791,"7,072","10,358",
Clark County,Ohio,Percent,"56,033",38.30%,12.30%,10.50%,3.40%,22.00%,2.50%,15.20%,4.90%,29.20%,4.50%,17.70%,11.30%,26.60%,36.80%,(X),(X),"132,497",42.30%,16.10%,4.60%,25.60%,7.90%,3.60%,"53,564",33.60%,44.20%,2.50%,3.90%,15.80%,"56,949",28.70%,39.30%,1.40%,12.40%,18.20%,
Clermont County,Ohio,Estimate,"84,660","42,675","15,218","6,925","2,806","15,227","1,427","11,533","4,476","19,833","3,767","11,911","7,731","25,303","28,873",2.46,2.96,"208,525","84,660","42,433","7,174","57,470","11,740","5,048","85,433","26,623","45,658","1,459","2,126","9,567","87,492","23,147","42,421","1,381","9,162","11,381",
Clermont County,Ohio,Percent,"84,660",50.40%,18.00%,8.20%,3.30%,18.00%,1.70%,13.60%,5.30%,23.40%,4.40%,14.10%,9.10%,29.90%,34.10%,(X),(X),"208,525",40.60%,20.30%,3.40%,27.60%,5.60%,2.40%,"85,433",31.20%,53.40%,1.70%,2.50%,11.20%,"87,492",26.50%,48.50%,1.60%,10.50%,13.00%,
Columbiana County,Ohio,Estimate,"40,326","18,619","5,587","2,764",933,"7,629",554,"5,125","2,040","11,314","2,656","6,322","4,228","11,073","15,377",2.42,2.93,"97,394","40,326","18,610","2,767","27,762","5,923","2,006","42,495","15,426","19,687",837,"2,009","4,536","41,391","11,935","18,775",754,"4,745","5,182",
Columbiana County,Ohio,Percent,"40,326",46.20%,13.90%,6.90%,2.30%,18.90%,1.40%,12.70%,5.10%,28.10%,6.60%,15.70%,10.50%,27.50%,38.10%,(X),(X),"97,394",41.40%,19.10%,2.80%,28.50%,6.10%,2.10%,"42,495",36.30%,46.30%,2.00%,4.70%,10.70%,"41,391",28.80%,45.40%,1.80%,11.50%,12.50%,
Cuyahoga County,Ohio,Estimate,"554,982","196,049","64,162","38,910","10,299","120,867","7,752","94,907","26,175","199,156","35,554","120,163","54,536","130,968","178,151",2.18,2.95,"1,208,670","554,982","195,988","39,003","324,746","66,450","27,501","488,214","209,027","211,122","7,652","13,455","46,958","541,620","202,513","203,462","8,869","49,947","76,829",
Cuyahoga County,Ohio,Percent,"554,982",35.30%,11.60%,7.00%,1.90%,21.80%,1.40%,17.10%,4.70%,35.90%,6.40%,21.70%,9.80%,23.60%,32.10%,(X),(X),"1,208,670",45.90%,16.20%,3.20%,26.90%,5.50%,2.30%,"488,214",42.80%,43.20%,1.60%,2.80%,9.60%,"541,620",37.40%,37.60%,1.60%,9.20%,14.20%,
Delaware County,Ohio,Estimate,"82,755","54,020","25,930","3,862","1,277","9,124",911,"6,332","1,658","15,749","3,984","9,379","5,240","33,531","22,627",2.71,3.11,"224,342","82,755","54,113","3,772","71,371","8,247","4,084","89,827","23,422","57,475",215,"2,145","6,570","91,704","21,077","54,856",889,"4,632","10,250",
Delaware County,Ohio,Percent,"82,755",65.30%,31.30%,4.70%,1.50%,11.00%,1.10%,7.70%,2.00%,19.00%,4.80%,11.30%,6.30%,40.50%,27.30%,(X),(X),"224,342",36.90%,24.10%,1.70%,31.80%,3.70%,1.80%,"89,827",26.10%,64.00%,0.20%,2.40%,7.30%,"91,704",23.00%,59.80%,1.00%,5.10%,11.20%,
Erie County,Ohio,Estimate,"33,454","14,556","4,083","2,062",588,"6,859",127,"5,211","2,153","9,977","2,219","5,747","3,324","7,299","11,806",2.14,2.72,"71,609","33,454","14,737","1,883","18,911","2,111",513,"30,395","9,086","15,435",398,"1,206","4,270","32,332","8,292","15,213",365,"4,059","4,403",
Erie County,Ohio,Percent,"33,454",43.50%,12.20%,6.20%,1.80%,20.50%,0.40%,15.60%,6.40%,29.80%,6.60%,17.20%,9.90%,21.80%,35.30%,(X),(X),"71,609",46.70%,20.60%,2.60%,26.40%,2.90%,0.70%,"30,395",29.90%,50.80%,1.30%,4.00%,14.00%,"32,332",25.60%,47.10%,1.10%,12.60%,13.60%,
Fairfield County,Ohio,Estimate,"60,387","33,843","11,855","5,509","1,938","6,835","1,198","4,762","1,407","14,200","3,062","7,663","3,387","20,023","18,460",2.64,3.01,"159,541","60,387","33,836","5,515","45,331","9,862","4,610","65,677","20,273","36,291",929,"1,559","6,625","65,543","15,562","35,347","1,317","5,293","8,024",
Fairfield County,Ohio,Percent,"60,387",56.00%,19.60%,9.10%,3.20%,11.30%,2.00%,7.90%,2.30%,23.50%,5.10%,12.70%,5.60%,33.20%,30.60%,(X),(X),"159,541",37.90%,21.20%,3.50%,28.40%,6.20%,2.90%,"65,677",30.90%,55.30%,1.40%,2.40%,10.10%,"65,543",23.70%,53.90%,2.00%,8.10%,12.20%,
Franklin County,Ohio,Estimate,"550,153","206,381","85,434","52,267","14,654","121,689","7,185","86,931","18,689","169,816","34,422","99,660","38,235","154,559","129,182",2.35,3.07,"1,292,482","550,153","207,310","51,353","362,117","65,690","55,859","521,067","226,391","222,979","6,866","13,784","51,047","546,578","206,483","222,696","11,582","34,981","70,836",
Franklin County,Ohio,Percent,"550,153",37.50%,15.50%,9.50%,2.70%,22.10%,1.30%,15.80%,3.40%,30.90%,6.30%,18.10%,6.90%,28.10%,23.50%,(X),(X),"1,292,482",42.60%,16.00%,4.00%,28.00%,5.10%,4.30%,"521,067",43.40%,42.80%,1.30%,2.60%,9.80%,"546,578",37.80%,40.70%,2.10%,6.40%,13.00%,
Geauga County,Ohio,Estimate,"35,775","22,728","8,243","2,215",365,"4,690",264,"3,567","1,600","6,142",210,"4,656","2,576","9,325","14,158",2.64,3.15,"94,288","35,775","22,844","2,117","31,014","1,955",583,"39,294","10,682","24,061",87,"1,703","2,761","39,250","8,929","22,841",199,"3,404","3,877",
Geauga County,Ohio,Percent,"35,775",63.50%,23.00%,6.20%,1.00%,13.10%,0.70%,10.00%,4.50%,17.20%,0.60%,13.00%,7.20%,26.10%,39.60%,(X),(X),"94,288",37.90%,24.20%,2.20%,32.90%,2.10%,0.60%,"39,294",27.20%,61.20%,0.20%,4.30%,7.00%,"39,250",22.70%,58.20%,0.50%,8.70%,9.90%,
Greene County,Ohio,Estimate,"66,598","32,313","12,387","4,401","1,179","12,773",590,"9,635","2,123","17,111","2,433","11,918","5,977","18,496","21,176",2.43,3.11,"162,059","66,598","32,471","4,249","44,342","8,097","6,302","69,198","25,018","34,289","1,398","1,915","6,578","71,157","20,355","35,667",816,"5,912","8,407",
Greene County,Ohio,Percent,"66,598",48.50%,18.60%,6.60%,1.80%,19.20%,0.90%,14.50%,3.20%,25.70%,3.70%,17.90%,9.00%,27.80%,31.80%,(X),(X),"162,059",41.10%,20.00%,2.60%,27.40%,5.00%,3.90%,"69,198",36.20%,49.60%,2.00%,2.80%,9.50%,"71,157",28.60%,50.10%,1.10%,8.30%,11.80%,
Hamilton County,Ohio,Estimate,"355,784","139,688","52,099","27,408","6,832","72,992","4,647","55,117","15,597","115,696","22,304","66,756","27,206","93,562","100,518",2.26,2.96,"805,335","355,784","138,478","28,587","217,888","40,270","24,328","322,718","139,089","147,771","3,853","7,953","24,052","348,019","131,877","144,822","6,182","25,520","39,618",
Hamilton County,Ohio,Percent,"355,784",39.30%,14.60%,7.70%,1.90%,20.50%,1.30%,15.50%,4.40%,32.50%,6.30%,18.80%,7.60%,26.30%,28.30%,(X),(X),"805,335",44.20%,17.20%,3.50%,27.10%,5.00%,3.00%,"322,718",43.10%,45.80%,1.20%,2.50%,7.50%,"348,019",37.90%,41.60%,1.80%,7.30%,11.40%,
Hancock County,Ohio,Estimate,"32,136","17,220","5,198","1,977","1,028","5,552",449,"3,825",637,"7,387","1,176","4,947","2,291","8,290","9,575",2.27,2.76,"73,071","32,136","17,396","1,812","18,554","1,959","1,214","30,750","9,635","17,618",717,393,"2,387","31,528","7,200","17,592",573,"2,415","3,748",
Hancock County,Ohio,Percent,"32,136",53.60%,16.20%,6.20%,3.20%,17.30%,1.40%,11.90%,2.00%,23.00%,3.70%,15.40%,7.10%,25.80%,29.80%,(X),(X),"73,071",44.00%,23.80%,2.50%,25.40%,2.70%,1.70%,"30,750",31.30%,57.30%,2.30%,1.30%,7.80%,"31,528",22.80%,55.80%,1.80%,7.70%,11.90%,
Lake County,Ohio,Estimate,"100,923","43,065","15,718","7,779","1,662","19,858","1,319","15,223","5,839","30,221","3,577","18,686","11,345","23,636","38,039",2.27,2.94,"229,010","100,923","43,136","7,707","61,411","9,793","6,040","96,164","34,234","45,813","1,021","3,309","11,787","100,225","27,556","44,464","1,250","11,691","15,264",
Lake County,Ohio,Percent,"100,923",42.70%,15.60%,7.70%,1.60%,19.70%,1.30%,15.10%,5.80%,29.90%,3.50%,18.50%,11.20%,23.40%,37.70%,(X),(X),"229,010",44.10%,18.80%,3.40%,26.80%,4.30%,2.60%,"96,164",35.60%,47.60%,1.10%,3.40%,12.30%,"100,225",27.50%,44.40%,1.20%,11.70%,15.20%,
Licking County,Ohio,Estimate,"70,064","40,320","14,773","4,370",746,"10,586","1,562","7,385","2,284","14,788","3,223","8,479","4,072","22,211","22,556",2.54,3,"178,063","70,064","40,427","4,285","50,890","8,101","4,296","73,379","20,759","42,956",812,"1,823","7,029","74,404","17,345","41,527",797,"6,154","8,581",
Licking County,Ohio,Percent,"70,064",57.50%,21.10%,6.20%,1.10%,15.10%,2.20%,10.50%,3.30%,21.10%,4.60%,12.10%,5.80%,31.70%,32.20%,(X),(X),"178,063",39.30%,22.70%,2.40%,28.60%,4.50%,2.40%,"73,379",28.30%,58.50%,1.10%,2.50%,9.60%,"74,404",23.30%,55.80%,1.10%,8.30%,11.50%,
Lorain County,Ohio,Estimate,"126,500","58,501","18,994","9,275","2,394","23,992","1,755","19,135","6,352","34,732","6,391","22,039","11,214","32,305","44,358",2.43,3.12,"307,966","126,500","58,291","9,484","92,815","13,843","7,033","128,363","49,748","59,718","1,822","4,929","12,146","132,507","39,358","61,634","1,885","12,109","17,521",
Lorain County,Ohio,Percent,"126,500",46.20%,15.00%,7.30%,1.90%,19.00%,1.40%,15.10%,5.00%,27.50%,5.10%,17.40%,8.90%,25.50%,35.10%,(X),(X),"307,966",41.10%,18.90%,3.10%,30.10%,4.50%,2.30%,"128,363",38.80%,46.50%,1.40%,3.80%,9.50%,"132,507",29.70%,46.50%,1.40%,9.10%,13.20%,
Lucas County,Ohio,Estimate,"187,290","69,699","23,785","15,514","5,148","40,282","1,872","31,579","8,111","61,795","13,570","36,247","16,823","49,506","56,112",2.23,2.93,"418,571","187,290","69,795","15,392","115,771","17,216","13,107","166,854","67,366","74,286","2,969","4,677","17,556","179,715","62,960","71,537","2,262","15,632","27,324",
Lucas County,Ohio,Percent,"187,290",37.20%,12.70%,8.30%,2.70%,21.50%,1.00%,16.90%,4.30%,33.00%,7.20%,19.40%,9.00%,26.40%,30.00%,(X),(X),"418,571",44.70%,16.70%,3.70%,27.70%,4.10%,3.10%,"166,854",40.40%,44.50%,1.80%,2.80%,10.50%,"179,715",35.00%,39.80%,1.30%,8.70%,15.20%,
Mahoning County,Ohio,Estimate,"99,004","39,898","12,248","8,042","2,902","20,622",318,"16,657","6,068","30,442","5,994","18,077","10,448","23,360","36,330",2.22,2.88,"219,651","99,004","39,558","8,390","58,772","8,856","5,071","91,984","34,427","42,340","1,061","3,243","10,913","96,650","30,418","41,034","2,040","11,276","11,882",
Mahoning County,Ohio,Percent,"99,004",40.30%,12.40%,8.10%,2.90%,20.80%,0.30%,16.80%,6.10%,30.70%,6.10%,18.30%,10.60%,23.60%,36.70%,(X),(X),"219,651",45.10%,18.00%,3.80%,26.80%,4.00%,2.30%,"91,984",37.40%,46.00%,1.20%,3.50%,11.90%,"96,650",31.50%,42.50%,2.10%,11.70%,12.30%,
Marion County,Ohio,Estimate,"24,930","9,901","3,241","2,694",967,"5,811",348,"4,455",973,"6,524",931,"4,274","2,214","6,508","8,295",2.38,3.11,"59,341","24,930","9,826","2,775","15,886","4,531","1,393","28,055","10,960","10,913",437,"1,029","4,716","25,767","7,911","10,639",219,"2,978","4,020",
Marion County,Ohio,Percent,"24,930",39.70%,13.00%,10.80%,3.90%,23.30%,1.40%,17.90%,3.90%,26.20%,3.70%,17.10%,8.90%,26.10%,33.30%,(X),(X),"59,341",42.00%,16.60%,4.70%,26.80%,7.60%,2.30%,"28,055",39.10%,38.90%,1.60%,3.70%,16.80%,"25,767",30.70%,41.30%,0.80%,11.60%,15.60%,
Medina County,Ohio,Estimate,"73,250","40,474","13,343","3,549","1,162","11,947","1,684","8,382","3,043","17,280","2,363","11,628","6,802","19,491","25,951",2.48,3.04,"181,954","73,250","40,361","3,648","55,005","7,015","2,675","75,911","22,691","42,019",708,"2,613","7,880","76,599","18,737","41,327",625,"6,518","9,392",
Medina County,Ohio,Percent,"73,250",55.30%,18.20%,4.80%,1.60%,16.30%,2.30%,11.40%,4.20%,23.60%,3.20%,15.90%,9.30%,26.60%,35.40%,(X),(X),"181,954",40.30%,22.20%,2.00%,30.20%,3.90%,1.50%,"75,911",29.90%,55.40%,0.90%,3.40%,10.40%,"76,599",24.50%,54.00%,0.80%,8.50%,12.30%,
Miami County,Ohio,Estimate,"45,891","24,406","9,199","3,609","1,014","7,436",642,"5,676","2,231","10,440","1,681","6,722","3,740","13,869","14,977",2.38,2.91,"109,283","45,891","24,852","3,159","28,799","4,907","1,675","44,937","13,467","26,242",108,"1,267","3,853","44,573","10,292","24,442",624,"4,554","4,661",
Miami County,Ohio,Percent,"45,891",53.20%,20.00%,7.90%,2.20%,16.20%,1.40%,12.40%,4.90%,22.70%,3.70%,14.60%,8.10%,30.20%,32.60%,(X),(X),"109,283",42.00%,22.70%,2.90%,26.40%,4.50%,1.50%,"44,937",30.00%,58.40%,0.20%,2.80%,8.60%,"44,573",23.10%,54.80%,1.40%,10.20%,10.50%,
Montgomery County,Ohio,Estimate,"235,545","93,396","34,348","17,492","5,188","50,802","1,685","40,131","12,041","73,855","13,953","44,164","20,785","60,728","73,610",2.2,2.89,"517,377","235,545","93,802","17,075","135,987","24,753","10,215","209,025","75,993","99,744","3,601","5,946","23,741","228,400","76,887","98,911","4,441","19,556","28,605",
Montgomery County,Ohio,Percent,"235,545",39.70%,14.60%,7.40%,2.20%,21.60%,0.70%,17.00%,5.10%,31.40%,5.90%,18.70%,8.80%,25.80%,31.30%,(X),(X),"517,377",45.50%,18.10%,3.30%,26.30%,4.80%,2.00%,"209,025",36.40%,47.70%,1.70%,2.80%,11.40%,"228,400",33.70%,43.30%,1.90%,8.60%,12.50%,
Muskingum County,Ohio,Estimate,"35,912","15,933","5,142","3,999","1,619","6,786",242,"5,268","1,613","9,194","1,555","5,716","3,163","9,735","11,129",2.35,2.92,"84,432","35,912","15,901","4,021","21,304","5,582","1,712","34,400","9,957","16,713","1,219","1,672","4,839","35,991","9,713","16,579",932,"3,518","5,249",
Muskingum County,Ohio,Percent,"35,912",44.40%,14.30%,11.10%,4.50%,18.90%,0.70%,14.70%,4.50%,25.60%,4.30%,15.90%,8.80%,27.10%,31.00%,(X),(X),"84,432",42.50%,18.80%,4.80%,25.20%,6.60%,2.00%,"34,400",28.90%,48.60%,3.50%,4.90%,14.10%,"35,991",27.00%,46.10%,2.60%,9.80%,14.60%,
Portage County,Ohio,Estimate,"64,437","30,934","9,621","4,218","1,628","12,326",560,"9,787","3,378","16,959","2,425","9,774","4,491","15,314","21,085",2.41,3,"155,181","64,437","31,126","4,007","41,010","7,019","7,582","68,309","24,876","34,062",530,"2,819","6,022","70,585","25,356","30,807",987,"5,796","7,639",
Portage County,Ohio,Percent,"64,437",48.00%,14.90%,6.50%,2.50%,19.10%,0.90%,15.20%,5.20%,26.30%,3.80%,15.20%,7.00%,23.80%,32.70%,(X),(X),"155,181",41.50%,20.10%,2.60%,26.40%,4.50%,4.90%,"68,309",36.40%,49.90%,0.80%,4.10%,8.80%,"70,585",35.90%,43.60%,1.40%,8.20%,10.80%,
Richland County,Ohio,Estimate,"50,248","21,353","6,574","4,190","1,873","10,026",277,"8,861","3,084","14,679","2,038","9,887","5,677","11,776","18,033",2.36,3.15,"118,472","50,248","21,480","4,055","33,606","6,448","2,635","53,690","19,995","24,075",968,"2,174","6,478","49,551","12,887","21,652",947,"6,499","7,566",
Richland County,Ohio,Percent,"50,248",42.50%,13.10%,8.30%,3.70%,20.00%,0.60%,17.60%,6.10%,29.20%,4.10%,19.70%,11.30%,23.40%,35.90%,(X),(X),"118,472",42.40%,18.10%,3.40%,28.40%,5.40%,2.20%,"53,690",37.20%,44.80%,1.80%,4.00%,12.10%,"49,551",26.00%,43.70%,1.90%,13.10%,15.30%,
Ross County,Ohio,Estimate,"29,399","13,685","4,500","1,442",381,"6,563",578,"4,860",792,"7,709","1,209","4,383","1,899","7,742","8,925",2.43,3.11,"71,388","29,399","13,898","1,229","21,231","4,318","1,313","33,579","14,187","14,648",518,"1,101","3,125","30,089","8,129","14,231","1,219","2,235","4,275",
Ross County,Ohio,Percent,"29,399",46.50%,15.30%,4.90%,1.30%,22.30%,2.00%,16.50%,2.70%,26.20%,4.10%,14.90%,6.50%,26.30%,30.40%,(X),(X),"71,388",41.20%,19.50%,1.70%,29.70%,6.00%,1.80%,"33,579",42.20%,43.60%,1.50%,3.30%,9.30%,"30,089",27.00%,47.30%,4.10%,7.40%,14.20%,
Scioto County,Ohio,Estimate,"29,715","13,375","4,920","1,639",489,"4,998",97,"4,034","1,115","9,703","1,817","5,640","3,244","8,648","10,091",2.33,2.92,"69,308","29,715","13,521","1,508","18,617","4,642","1,305","29,839","10,030","15,071",685,"1,265","2,788","29,283","6,099","13,493",632,"3,609","5,450",
Scioto County,Ohio,Percent,"29,715",45.00%,16.60%,5.50%,1.60%,16.80%,0.30%,13.60%,3.80%,32.70%,6.10%,19.00%,10.90%,29.10%,34.00%,(X),(X),"69,308",42.90%,19.50%,2.20%,26.90%,6.70%,1.90%,"29,839",33.60%,50.50%,2.30%,4.20%,9.30%,"29,283",20.80%,46.10%,2.20%,12.30%,18.60%,
Stark County,Ohio,Estimate,"155,070","68,269","22,626","15,895","6,068","29,602","1,925","23,995","7,783","41,304","7,445","24,070","13,765","42,046","54,865",2.36,2.93,"365,388","155,070","68,259","15,969","99,356","19,018","7,716","148,841","52,392","70,998","2,581","4,669","18,201","158,745","46,691","72,242","1,850","15,778","22,184",
Stark County,Ohio,Percent,"155,070",44.00%,14.60%,10.30%,3.90%,19.10%,1.20%,15.50%,5.00%,26.60%,4.80%,15.50%,8.90%,27.10%,35.40%,(X),(X),"365,388",42.40%,18.70%,4.40%,27.20%,5.20%,2.10%,"148,841",35.20%,47.70%,1.70%,3.10%,12.20%,"158,745",29.40%,45.50%,1.20%,9.90%,14.00%,
Summit County,Ohio,Estimate,"230,471","99,121","33,630","18,137","5,688","43,316","2,491","32,796","10,180","69,897","13,896","41,766","22,530","60,928","76,218",2.29,2.91,"527,166","230,471","98,918","18,318","143,499","25,374","10,586","216,200","78,796","107,305",864,"6,949","22,286","229,663","74,580","100,527","2,974","22,733","28,849",
Summit County,Ohio,Percent,"230,471",43.00%,14.60%,7.90%,2.50%,18.80%,1.10%,14.20%,4.40%,30.30%,6.00%,18.10%,9.80%,26.40%,33.10%,(X),(X),"527,166",43.70%,18.80%,3.50%,27.20%,4.80%,2.00%,"216,200",36.40%,49.60%,0.40%,3.20%,10.30%,"229,663",32.50%,43.80%,1.30%,9.90%,12.60%,
Trumbull County,Ohio,Estimate,"84,721","35,337","9,803","6,901","2,113","18,148","1,288","13,748","4,312","24,335","4,907","14,409","8,712","19,792","31,120",2.33,2.97,"197,075","84,721","35,531","6,707","55,788","10,500","3,828","82,278","29,507","38,926","1,184","3,304","9,357","84,745","23,612","37,141","1,799","9,638","12,555",
Trumbull County,Ohio,Percent,"84,721",41.70%,11.60%,8.10%,2.50%,21.40%,1.50%,16.20%,5.10%,28.70%,5.80%,17.00%,10.30%,23.40%,36.70%,(X),(X),"197,075",43.00%,18.00%,3.40%,28.30%,5.30%,1.90%,"82,278",35.90%,47.30%,1.40%,4.00%,11.40%,"84,745",27.90%,43.80%,2.10%,11.40%,14.80%,
Tuscarawas County,Ohio,Estimate,"38,476","18,485","5,813","4,020","1,165","6,546",758,"4,751","1,333","9,425","1,334","6,032","3,371","10,147","13,109",2.36,2.89,"90,863","38,476","18,489","4,014","24,774","3,801","1,309","36,752","11,440","19,672",151,"1,231","4,258","38,062","10,129","18,622",830,"3,990","4,491",
Tuscarawas County,Ohio,Percent,"38,476",48.00%,15.10%,10.40%,3.00%,17.00%,2.00%,12.30%,3.50%,24.50%,3.50%,15.70%,8.80%,26.40%,34.10%,(X),(X),"90,863",42.30%,20.30%,4.40%,27.30%,4.20%,1.40%,"36,752",31.10%,53.50%,0.40%,3.30%,11.60%,"38,062",26.60%,48.90%,2.20%,10.50%,11.80%,
Union County,Ohio,Estimate,"24,987","15,425","7,409","2,288","1,040","3,889",451,"2,350",383,"3,385",375,"2,160",889,"9,408","6,518",2.61,2.98,"65,278","24,987","15,442","2,280","19,406","2,328",835,"26,111","7,286","15,618",259,407,"2,541","28,231","7,068","16,285",620,"1,740","2,518",
Union County,Ohio,Percent,"24,987",61.70%,29.70%,9.20%,4.20%,15.60%,1.80%,9.40%,1.50%,13.50%,1.50%,8.60%,3.60%,37.70%,26.10%,(X),(X),"65,278",38.30%,23.70%,3.50%,29.70%,3.60%,1.30%,"26,111",27.90%,59.80%,1.00%,1.60%,9.70%,"28,231",25.00%,57.70%,2.20%,6.20%,8.90%,
Warren County,Ohio,Estimate,"93,817","59,024","25,484","5,114","1,541","11,296",343,"8,829","2,710","18,383","2,120","13,199","7,738","31,946","27,769",2.61,3.11,"244,878","93,817","58,921","5,213","74,824","8,764","3,339","102,532","29,624","63,371",637,"1,953","6,947","99,463","21,778","58,672",923,"6,660","11,430",
Warren County,Ohio,Percent,"93,817",62.90%,27.20%,5.50%,1.60%,12.00%,0.40%,9.40%,2.90%,19.60%,2.30%,14.10%,8.20%,34.10%,29.60%,(X),(X),"244,878",38.30%,24.10%,2.10%,30.60%,3.60%,1.40%,"102,532",28.90%,61.80%,0.60%,1.90%,6.80%,"99,463",21.90%,59.00%,0.90%,6.70%,11.50%,
Wayne County,Ohio,Estimate,"44,042","25,447","8,950","2,803",454,"6,872",105,"5,443","1,725","8,920",956,"6,270","3,696","12,193","15,015",2.55,3.12,"112,446","44,042","25,471","2,780","32,184","5,490","2,479","46,204","14,760","26,384",87,"1,776","3,197","47,388","12,070","26,543",498,"3,396","4,881",
Wayne County,Ohio,Percent,"44,042",57.80%,20.30%,6.40%,1.00%,15.60%,0.20%,12.40%,3.90%,20.30%,2.20%,14.20%,8.40%,27.70%,34.10%,(X),(X),"112,446",39.20%,22.70%,2.50%,28.60%,4.90%,2.20%,"46,204",31.90%,57.10%,0.20%,3.80%,6.90%,"47,388",25.50%,56.00%,1.10%,7.20%,10.30%,
Wood County,Ohio,Estimate,"55,064","24,103","8,723","4,759","1,221","12,146",672,"9,192","2,201","14,056","1,544","8,782","4,491","14,051","16,322",2.28,2.91,"125,511","55,064","24,064","4,786","29,573","6,636","5,388","55,526","21,873","26,125",519,675,"6,334","54,497","17,395","24,874",963,"4,814","6,451",
Wood County,Ohio,Percent,"55,064",43.80%,15.80%,8.60%,2.20%,22.10%,1.20%,16.70%,4.00%,25.50%,2.80%,15.90%,8.20%,25.50%,29.60%,(X),(X),"125,511",43.90%,19.20%,3.80%,23.60%,5.30%,4.30%,"55,526",39.40%,47.10%,0.90%,1.20%,11.40%,"54,497",31.90%,45.60%,1.80%,8.80%,11.80%,
Tennessee,Tennessee,Estimate,"2,846,684","1,342,153","479,805","195,854","61,916","516,395","37,527","374,167","104,982","792,282","149,036","439,572","210,850","832,662","872,769",2.43,2.99,"6,904,210","2,846,684","1,338,114","199,896","1,873,477","464,075","181,964","2,812,928","945,176","1,438,758","40,542","88,955","299,497","2,974,261","847,342","1,408,220","58,278","277,169","383,252",
Tennessee,Tennessee,Percent,"2,846,684",47.10%,16.90%,6.90%,2.20%,18.10%,1.30%,13.10%,3.70%,27.80%,5.20%,15.40%,7.40%,29.30%,30.70%,(X),(X),"6,904,210",41.20%,19.40%,2.90%,27.10%,6.70%,2.60%,"2,812,928",33.60%,51.10%,1.40%,3.20%,10.60%,"2,974,261",28.50%,47.30%,2.00%,9.30%,12.90%,
Anderson County,Tennessee,Estimate,"32,158","16,026","5,788","2,222",393,"5,836",496,"4,412","1,193","8,074","1,492","5,395","3,237","8,788","10,871",2.42,3.02,"77,752","32,158","16,174","2,067","21,745","3,751","1,857","32,417","9,241","17,223",223,"1,119","4,611","33,272","7,471","17,407",722,"3,513","4,159",
Anderson County,Tennessee,Percent,"32,158",49.80%,18.00%,6.90%,1.20%,18.10%,1.50%,13.70%,3.70%,25.10%,4.60%,16.80%,10.10%,27.30%,33.80%,(X),(X),"77,752",41.40%,20.80%,2.70%,28.00%,4.80%,2.40%,"32,417",28.50%,53.10%,0.70%,3.50%,14.20%,"33,272",22.50%,52.30%,2.20%,10.60%,12.50%,
Blount County,Tennessee,Estimate,"56,211","30,464","9,724","2,456","1,092","9,743","1,033","6,029","1,765","13,548","1,750","8,246","4,732","16,099","21,036",2.45,2.89,"137,876","56,211","30,443","2,491","35,616","9,609","3,506","56,671","14,450","32,079","1,253","2,192","6,697","60,902","14,585","31,570",876,"6,383","7,488",
Blount County,Tennessee,Percent,"56,211",54.20%,17.30%,4.40%,1.90%,17.30%,1.80%,10.70%,3.10%,24.10%,3.10%,14.70%,8.40%,28.60%,37.40%,(X),(X),"137,876",40.80%,22.10%,1.80%,25.80%,7.00%,2.50%,"56,671",25.50%,56.60%,2.20%,3.90%,11.80%,"60,902",23.90%,51.80%,1.40%,10.50%,12.30%,
Bradley County,Tennessee,Estimate,"42,035","21,623","7,743","2,586",773,"6,880",888,"5,021","1,732","10,946","1,995","5,899","3,040","13,211","13,351",2.57,3.12,"108,060","42,035","21,487","2,713","29,590","10,527","1,708","43,651","13,117","24,414",562,861,"4,697","47,265","10,488","24,271",831,"5,014","6,661",
Bradley County,Tennessee,Percent,"42,035",51.40%,18.40%,6.20%,1.80%,16.40%,2.10%,11.90%,4.10%,26.00%,4.70%,14.00%,7.20%,31.40%,31.80%,(X),(X),"108,060",38.90%,19.90%,2.50%,27.40%,9.70%,1.60%,"43,651",30.00%,55.90%,1.30%,2.00%,10.80%,"47,265",22.20%,51.40%,1.80%,10.60%,14.10%,
Davidson County,Tennessee,Estimate,"327,791","113,139","42,900","28,759","5,830","76,806","2,709","58,218","9,827","109,087","16,941","65,490","19,991","77,220","70,760",2.1,2.86,"687,340","327,791","112,435","29,465","152,298","40,957","24,394","281,844","121,970","123,040","2,330","5,475","29,029","307,383","124,181","118,635","5,398","19,181","39,988",
Davidson County,Tennessee,Percent,"327,791",34.50%,13.10%,8.80%,1.80%,23.40%,0.80%,17.80%,3.00%,33.30%,5.20%,20.00%,6.10%,23.60%,21.60%,(X),(X),"687,340",47.70%,16.40%,4.30%,22.20%,6.00%,3.50%,"281,844",43.30%,43.70%,0.80%,1.90%,10.30%,"307,383",40.40%,38.60%,1.80%,6.20%,13.00%,
Greene County,Tennessee,Estimate,"29,065","14,054","3,656","1,918","1,030","5,572",615,"4,445","1,529","7,521","1,208","4,341","2,406","7,497","10,588",2.39,2.89,"69,592","29,065","14,314","1,654","17,520","4,635","2,404","29,824","9,560","14,769",321,"1,091","4,083","30,754","7,004","15,497",456,"3,149","4,648",
Greene County,Tennessee,Percent,"29,065",48.40%,12.60%,6.60%,3.50%,19.20%,2.10%,15.30%,5.30%,25.90%,4.20%,14.90%,8.30%,25.80%,36.40%,(X),(X),"69,592",41.80%,20.60%,2.40%,25.20%,6.70%,3.50%,"29,824",32.10%,49.50%,1.10%,3.70%,13.70%,"30,754",22.80%,50.40%,1.50%,10.20%,15.10%,
Hamblen County,Tennessee,Estimate,"26,994","14,269","5,170","2,286",846,"2,967",176,"2,256",921,"7,472","2,098","3,378","2,026","8,858","8,940",2.39,2.74,"64,640","26,994","14,108","2,450","18,000","1,952","1,136","26,349","7,026","15,556",41,964,"2,762","27,055","5,075","13,775",191,"3,867","4,147",
Hamblen County,Tennessee,Percent,"26,994",52.90%,19.20%,8.50%,3.10%,11.00%,0.70%,8.40%,3.40%,27.70%,7.80%,12.50%,7.50%,32.80%,33.10%,(X),(X),"64,640",41.80%,21.80%,3.80%,27.80%,3.00%,1.80%,"26,349",26.70%,59.00%,0.20%,3.70%,10.50%,"27,055",18.80%,50.90%,0.70%,14.30%,15.30%,
Hamilton County,Tennessee,Estimate,"152,851","73,018","24,992","11,269","2,405","26,702",863,"19,435","6,121","41,862","6,039","24,746","12,535","38,443","49,494",2.4,3,"366,451","152,851","72,981","11,322","95,208","21,800","12,289","148,936","51,769","78,098","1,629","3,710","13,730","161,470","46,360","76,296","1,960","15,985","20,869",
Hamilton County,Tennessee,Percent,"152,851",47.80%,16.40%,7.40%,1.60%,17.50%,0.60%,12.70%,4.00%,27.40%,4.00%,16.20%,8.20%,25.20%,32.40%,(X),(X),"366,451",41.70%,19.90%,3.10%,26.00%,5.90%,3.40%,"148,936",34.80%,52.40%,1.10%,2.50%,9.20%,"161,470",28.70%,47.30%,1.20%,9.90%,12.90%,
Knox County,Tennessee,Estimate,"201,193","95,033","33,431","11,086","2,497","39,750","3,323","28,153","6,876","55,324","7,565","34,235","16,668","52,631","58,762",2.39,2.98,"480,498","201,193","93,722","12,387","124,149","28,699","20,348","199,289","70,653","100,942","2,281","5,538","19,875","211,804","66,252","98,583","2,710","16,943","27,316",
Knox County,Tennessee,Percent,"201,193",47.20%,16.60%,5.50%,1.20%,19.80%,1.70%,14.00%,3.40%,27.50%,3.80%,17.00%,8.30%,26.20%,29.20%,(X),(X),"480,498",41.90%,19.50%,2.60%,25.80%,6.00%,4.20%,"199,289",35.50%,50.70%,1.10%,2.80%,10.00%,"211,804",31.30%,46.50%,1.30%,8.00%,12.90%,
Madison County,Tennessee,Estimate,"38,590","16,259","5,072","2,319",784,"8,072",951,"6,085","1,155","11,940","3,268","5,952","2,697","11,671","12,412",2.47,3.13,"95,384","38,590","16,004","2,574","26,845","9,405","1,966","38,089","13,814","17,817","2,075","1,020","3,363","42,996","15,001","17,503","1,167","3,601","5,724",
Madison County,Tennessee,Percent,"38,590",42.10%,13.10%,6.00%,2.00%,20.90%,2.50%,15.80%,3.00%,30.90%,8.50%,15.40%,7.00%,30.20%,32.20%,(X),(X),"95,384",40.50%,16.80%,2.70%,28.10%,9.90%,2.10%,"38,089",36.30%,46.80%,5.40%,2.70%,8.80%,"42,996",34.90%,40.70%,2.70%,8.40%,13.30%,
Maury County,Tennessee,Estimate,"42,343","20,385","7,391","2,718","1,246","7,039","1,046","4,078","1,348","12,201","2,239","7,276","3,575","12,934","13,849",2.52,3.03,"106,901","42,343","20,140","2,978","31,522","6,661","3,257","42,546","14,118","21,323",575,"2,143","4,387","45,242","11,146","20,985",990,"4,856","7,265",
Maury County,Tennessee,Percent,"42,343",48.10%,17.50%,6.40%,2.90%,16.60%,2.50%,9.60%,3.20%,28.80%,5.30%,17.20%,8.40%,30.50%,32.70%,(X),(X),"106,901",39.60%,18.80%,2.80%,29.50%,6.20%,3.00%,"42,546",33.20%,50.10%,1.40%,5.00%,10.30%,"45,242",24.60%,46.40%,2.20%,10.70%,16.10%,
Montgomery County,Tennessee,Estimate,"89,176","45,832","20,905","6,946","1,847","14,238","1,863","10,364","2,354","22,160","6,669","10,386","4,013","34,452","17,812",2.58,3.08,"230,508","89,176","45,512","7,254","71,083","13,059","4,424","91,012","29,391","50,800","1,455","1,634","7,732","90,559","24,112","46,697","2,785","6,885","10,080",
Montgomery County,Tennessee,Percent,"89,176",51.40%,23.40%,7.80%,2.10%,16.00%,2.10%,11.60%,2.60%,24.80%,7.50%,11.60%,4.50%,38.60%,20.00%,(X),(X),"230,508",38.70%,19.70%,3.10%,30.80%,5.70%,1.90%,"91,012",32.30%,55.80%,1.60%,1.80%,8.50%,"90,559",26.60%,51.60%,3.10%,7.60%,11.10%,
Putnam County,Tennessee,Estimate,"34,678","14,924","5,152","2,193",849,"7,393","1,046","4,343","1,239","10,168","1,838","5,413","2,210","10,031","10,618",2.28,2.76,"78,976","34,678","14,866","2,241","20,558","3,435","3,198","33,651","13,238","16,588",63,784,"2,978","34,616","10,420","15,088",957,"3,841","4,310",
Putnam County,Tennessee,Percent,"34,678",43.00%,14.90%,6.30%,2.40%,21.30%,3.00%,12.50%,3.60%,29.30%,5.30%,15.60%,6.40%,28.90%,30.60%,(X),(X),"78,976",43.90%,18.80%,2.80%,26.00%,4.30%,4.00%,"33,651",39.30%,49.30%,0.20%,2.30%,8.80%,"34,616",30.10%,43.60%,2.80%,11.10%,12.50%,
Robertson County,Tennessee,Estimate,"28,955","15,039","6,101","1,536",301,"5,823",720,"3,166",932,"6,557","1,200","3,082","1,951","10,043","8,702",2.58,3.04,"74,749","28,955","14,747","1,841","20,717","5,716","2,773","29,773","9,017","15,431",233,"1,290","3,802","31,037","7,045","16,543",539,"3,048","3,862",
Robertson County,Tennessee,Percent,"28,955",51.90%,21.10%,5.30%,1.00%,20.10%,2.50%,10.90%,3.20%,22.60%,4.10%,10.60%,6.70%,34.70%,30.10%,(X),(X),"74,749",38.70%,19.70%,2.50%,27.70%,7.60%,3.70%,"29,773",30.30%,51.80%,0.80%,4.30%,12.80%,"31,037",22.70%,53.30%,1.70%,9.80%,12.40%,
Rutherford County,Tennessee,Estimate,"132,945","65,850","27,350","12,187","5,315","22,381","2,979","14,829","3,297","32,527","9,064","15,505","6,673","48,852","29,308",2.68,3.11,"355,726","132,945","65,228","12,817","108,314","23,983","12,439","142,187","54,755","71,944","2,379","2,899","10,210","147,219","48,080","69,252","2,298","10,482","17,107",
Rutherford County,Tennessee,Percent,"132,945",49.50%,20.60%,9.20%,4.00%,16.80%,2.20%,11.20%,2.50%,24.50%,6.80%,11.70%,5.00%,36.70%,22.00%,(X),(X),"355,726",37.40%,18.30%,3.60%,30.40%,6.70%,3.50%,"142,187",38.50%,50.60%,1.70%,2.00%,7.20%,"147,219",32.70%,47.00%,1.60%,7.10%,11.60%,
Sevier County,Tennessee,Estimate,"42,814","22,080","8,179","3,292",226,"7,053",765,"4,325","1,421","10,389","1,519","5,865","3,018","13,101","14,298",2.29,2.74,"98,076","42,814","22,572","2,803","20,541","8,113","1,233","40,036","10,495","23,920",373,"1,668","3,580","42,671","7,380","24,487",950,"4,172","5,682",
Sevier County,Tennessee,Percent,"42,814",51.60%,19.10%,7.70%,0.50%,16.50%,1.80%,10.10%,3.30%,24.30%,3.50%,13.70%,7.00%,30.60%,33.40%,(X),(X),"98,076",43.70%,23.00%,2.90%,20.90%,8.30%,1.30%,"40,036",26.20%,59.70%,0.90%,4.20%,8.90%,"42,671",17.30%,57.40%,2.20%,9.80%,13.30%,
Shelby County,Tennessee,Estimate,"362,643","127,010","46,796","29,047","10,847","74,582","4,283","56,443","12,686","132,004","34,259","61,991","27,316","109,647","103,568",2.48,3.2,"901,030","362,643","127,137","28,905","281,980","79,147","21,218","338,865","150,974","138,368","7,276","9,289","32,958","387,374","158,612","138,171","13,808","32,448","44,335",
Shelby County,Tennessee,Percent,"362,643",35.00%,12.90%,8.00%,3.00%,20.60%,1.20%,15.60%,3.50%,36.40%,9.40%,17.10%,7.50%,30.20%,28.60%,(X),(X),"901,030",40.20%,14.10%,3.20%,31.30%,8.80%,2.40%,"338,865",44.60%,40.80%,2.10%,2.70%,9.70%,"387,374",40.90%,35.70%,3.60%,8.40%,11.40%,
Sullivan County,Tennessee,Estimate,"69,704","32,627","9,073","5,594","2,602","11,737",472,"9,345","3,359","19,746","2,457","11,810","6,471","17,259","26,275",2.28,2.79,"158,631","69,704","32,600","5,625","36,070","11,810","2,822","66,456","19,557","34,562","1,025","3,552","7,760","69,976","15,715","33,711",834,"9,026","10,690",
Sullivan County,Tennessee,Percent,"69,704",46.80%,13.00%,8.00%,3.70%,16.80%,0.70%,13.40%,4.80%,28.30%,3.50%,16.90%,9.30%,24.80%,37.70%,(X),(X),"158,631",43.90%,20.60%,3.50%,22.70%,7.40%,1.80%,"66,456",29.40%,52.00%,1.50%,5.30%,11.70%,"69,976",22.50%,48.20%,1.20%,12.90%,15.30%,
Sumner County,Tennessee,Estimate,"79,326","45,638","18,444","4,911","1,053","11,349",394,"8,438","1,716","17,428","2,824","10,295","5,288","24,900","24,902",2.55,3.04,"202,229","79,326","45,286","5,280","56,344","11,113","4,880","80,120","21,503","46,104",704,"4,413","7,396","86,068","19,785","48,022",940,"6,354","10,967",
Sumner County,Tennessee,Percent,"79,326",57.50%,23.30%,6.20%,1.30%,14.30%,0.50%,10.60%,2.20%,22.00%,3.60%,13.00%,6.70%,31.40%,31.40%,(X),(X),"202,229",39.20%,22.40%,2.60%,27.90%,5.50%,2.40%,"80,120",26.80%,57.50%,0.90%,5.50%,9.20%,"86,068",23.00%,55.80%,1.10%,7.40%,12.70%,
Washington County,Tennessee,Estimate,"56,081","26,313","7,992","5,227","1,598","9,872",615,"7,262","2,187","14,669","1,072","10,066","5,457","13,461","18,461",2.34,2.93,"131,501","56,081","26,421","5,117","31,258","7,357","5,267","56,628","18,822","27,793",875,"1,767","7,371","59,348","17,783","27,394",686,"6,088","7,397",
Washington County,Tennessee,Percent,"56,081",46.90%,14.30%,9.30%,2.80%,17.60%,1.10%,12.90%,3.90%,26.20%,1.90%,17.90%,9.70%,24.00%,32.90%,(X),(X),"131,501",42.60%,20.10%,3.90%,23.80%,5.60%,4.00%,"56,628",33.20%,49.10%,1.50%,3.10%,13.00%,"59,348",30.00%,46.20%,1.20%,10.30%,12.50%,
Williamson County,Tennessee,Estimate,"93,752","67,437","31,175","2,547","1,011","8,560","1,227","5,732","1,640","15,208","2,548","9,272","4,410","37,500","26,349",2.77,3.1,"259,791","93,752","67,267","2,693","86,115","8,387","1,577","101,722","25,548","68,558",870,"1,592","5,154","105,961","23,201","67,859",549,"6,126","8,226",
Williamson County,Tennessee,Percent,"93,752",71.90%,33.30%,2.70%,1.10%,9.10%,1.30%,6.10%,1.70%,16.20%,2.70%,9.90%,4.70%,40.00%,28.10%,(X),(X),"259,791",36.10%,25.90%,1.00%,33.10%,3.20%,0.60%,"101,722",25.10%,67.40%,0.90%,1.60%,5.10%,"105,961",21.90%,64.00%,0.50%,5.80%,7.80%,
Wilson County,Tennessee,Estimate,"60,788","37,282","15,886","3,506","1,450","7,989",222,"5,904","1,177","12,011","2,988","6,744","3,682","22,526","17,205",2.58,2.94,"156,758","60,788","36,762","4,028","45,196","6,347","3,637","63,257","17,016","39,576",478,"2,176","4,011","65,102","15,798","37,834",941,"5,155","5,374",
Wilson County,Tennessee,Percent,"60,788",61.30%,26.10%,5.80%,2.40%,13.10%,0.40%,9.70%,1.90%,19.80%,4.90%,11.10%,6.10%,37.10%,28.30%,(X),(X),"156,758",38.80%,23.50%,2.60%,28.80%,4.00%,2.30%,"63,257",26.90%,62.60%,0.80%,3.40%,6.30%,"65,102",24.30%,58.10%,1.40%,7.90%,8.30%,
West Virginia,West Virginia,Estimate,"736,341","338,510","107,763","49,938","16,403","146,376","11,152","107,514","38,544","201,517","31,749","121,092","66,723","190,272","269,803",2.34,2.92,"1,723,088","736,341","337,845","50,528","448,371","101,883","48,120","737,432","246,664","357,422","8,672","30,399","94,275","751,219","193,459","357,882","10,215","87,648","102,015",
West Virginia,West Virginia,Percent,"736,341",46.00%,14.60%,6.80%,2.20%,19.90%,1.50%,14.60%,5.20%,27.40%,4.30%,16.40%,9.10%,25.80%,36.60%,(X),(X),"1,723,088",42.70%,19.60%,2.90%,26.00%,5.90%,2.80%,"737,432",33.40%,48.50%,1.20%,4.10%,12.80%,"751,219",25.80%,47.60%,1.40%,11.70%,13.60%,
Berkeley County,West Virginia,Estimate,"51,145","25,612","10,692","5,087","1,572","9,310",401,"5,732","1,622","11,136","2,464","5,930","2,686","16,825","15,063",2.51,2.94,"128,343","51,145","25,335","5,370","35,481","7,621","3,391","52,751","17,997","27,372",654,"1,433","5,295","52,845","13,609","27,060",971,"3,531","7,674",
Berkeley County,West Virginia,Percent,"51,145",50.10%,20.90%,9.90%,3.10%,18.20%,0.80%,11.20%,3.20%,21.80%,4.80%,11.60%,5.30%,32.90%,29.50%,(X),(X),"128,343",39.90%,19.70%,4.20%,27.60%,5.90%,2.60%,"52,751",34.10%,51.90%,1.20%,2.70%,10.00%,"52,845",25.80%,51.20%,1.80%,6.70%,14.50%,
Cabell County,West Virginia,Estimate,"38,887","16,418","4,365","3,449","1,047","7,211",451,"5,092","1,537","11,809","1,980","7,421","3,862","8,975","12,733",2.27,2.87,"88,166","38,887","16,384","3,472","23,256","4,455","1,712","37,224","14,419","17,630",537,"1,205","3,433","40,348","12,220","17,307",653,"4,536","5,632",
Cabell County,West Virginia,Percent,"38,887",42.20%,11.20%,8.90%,2.70%,18.50%,1.20%,13.10%,4.00%,30.40%,5.10%,19.10%,9.90%,23.10%,32.70%,(X),(X),"88,166",44.10%,18.60%,3.90%,26.40%,5.10%,1.90%,"37,224",38.70%,47.40%,1.40%,3.20%,9.20%,"40,348",30.30%,42.90%,1.60%,11.20%,14.00%,
Harrison County,West Virginia,Estimate,"25,987","12,492","4,346","1,685",436,"5,127",252,"3,888","1,720","6,683",956,"4,235","2,306","6,814","9,363",2.46,3.12,"63,966","25,987","12,561","1,616","17,665","3,758","2,379","26,347","8,929","13,132",102,661,"3,523","27,385","6,441","13,398",347,"3,163","4,036",
Harrison County,West Virginia,Percent,"25,987",48.10%,16.70%,6.50%,1.70%,19.70%,1.00%,15.00%,6.60%,25.70%,3.70%,16.30%,8.90%,26.20%,36.00%,(X),(X),"63,966",40.60%,19.60%,2.50%,27.60%,5.90%,3.70%,"26,347",33.90%,49.80%,0.40%,2.50%,13.40%,"27,385",23.50%,48.90%,1.30%,11.60%,14.70%,
Kanawha County,West Virginia,Estimate,"78,246","32,577","9,243","5,225","1,040","15,189",787,"12,741","4,084","25,255","4,537","15,179","7,549","17,910","28,670",2.2,2.86,"172,395","78,246","32,264","5,517","44,277","8,705","3,386","70,665","24,782","33,497","1,299","1,997","9,090","77,233","22,105","33,968",764,"8,165","12,231",
Kanawha County,West Virginia,Percent,"78,246",41.60%,11.80%,6.70%,1.30%,19.40%,1.00%,16.30%,5.20%,32.30%,5.80%,19.40%,9.60%,22.90%,36.60%,(X),(X),"172,395",45.40%,18.70%,3.20%,25.70%,5.00%,2.00%,"70,665",35.10%,47.40%,1.80%,2.80%,12.90%,"77,233",28.60%,44.00%,1.00%,10.60%,15.80%,
Monongalia County,West Virginia,Estimate,"44,767","15,630","6,167","4,023","1,122","11,722",967,"8,159","1,329","13,392","1,687","8,457","2,606","11,431","10,186",2.24,2.95,"100,402","44,767","15,691","3,955","22,589","5,807","7,593","47,627","23,887","17,370",612,"1,672","4,086","44,893","19,006","16,808",638,"3,244","5,197",
Monongalia County,West Virginia,Percent,"44,767",34.90%,13.80%,9.00%,2.50%,26.20%,2.20%,18.20%,3.00%,29.90%,3.80%,18.90%,5.80%,25.50%,22.80%,(X),(X),"100,402",44.60%,15.60%,3.90%,22.50%,5.80%,7.60%,"47,627",50.20%,36.50%,1.30%,3.50%,8.60%,"44,893",42.30%,37.40%,1.40%,7.20%,11.60%,
Raleigh County,West Virginia,Estimate,"28,043","12,513","3,853",928,322,"4,680",364,"3,310","1,118","9,922","2,990","4,850","2,764","7,982","11,307",2.48,2.98,"69,467","28,043","12,267","1,161","21,172","4,125","2,699","30,453","10,847","13,577",349,922,"4,758","30,171","7,457","13,552",155,"5,543","3,464",
Raleigh County,West Virginia,Percent,"28,043",44.60%,13.70%,3.30%,1.10%,16.70%,1.30%,11.80%,4.00%,35.40%,10.70%,17.30%,9.90%,28.50%,40.30%,(X),(X),"69,467",40.40%,17.70%,1.70%,30.50%,5.90%,3.90%,"30,453",35.60%,44.60%,1.10%,3.00%,15.60%,"30,171",24.70%,44.90%,0.50%,18.40%,11.50%,
Wood County,West Virginia,Estimate,"37,220","15,549","4,616","3,228","1,347","8,053",335,"5,548","1,729","10,390","1,745","6,777","4,246","9,185","13,520",2.21,2.75,"82,265","37,220","15,509","3,260","20,292","4,068","1,916","33,629","10,147","15,923",164,"1,282","6,113","35,622","8,968","16,562",328,"3,405","6,359",
Wood County,West Virginia,Percent,"37,220",41.80%,12.40%,8.70%,3.60%,21.60%,0.90%,14.90%,4.60%,27.90%,4.70%,18.20%,11.40%,24.70%,36.30%,(X),(X),"82,265",45.20%,18.90%,4.00%,24.70%,4.90%,2.30%,"33,629",30.20%,47.30%,0.50%,3.80%,18.20%,"35,622",25.20%,46.50%,0.90%,9.60%,17.90%,
