Store Numbers,City,State,City Code, 2022 Gross Revenue , 2021 Gross Revenue , 2022 Gross Profit , 2021 Gross Profit , 2022 Expenses , 2021 Expenses , 2022 Net Income , 2021 Net Income ,Total Members,Avg_Mbr_Length,Premium Member,Budget Member,Mainstream Member,Column1,Column2,Column3,Column4,Column5,Column6,Column7,RETIREES,OLDER SINGLES/COUPLES,OLDER FAMILIES,YOUNG FAMILIES,YOUNG SINGLES/COUPLES,MIDAGE FAMILIES,MIDAGE SINGLES/COUPLES
1,Miami,Florida,1,49361095,45032126.97,8687552.72,7835590.09,7383551.06,6683758.35,1304001.66,1151831.74,21589,7.13,5397,7772,8420,0.139,0.142,0.165,0.136,0.092,0.177,0.149,3001,3066,3562,2936,1986,3821,3217
2,Port St. Lucie,Florida,2,32868396,29985837.67,5784837.7,5217535.75,4916533.56,4450558,868304.14,766977.76,14644,7.22,2929,5272,6443,0.159,0.146,0.165,0.126,0.088,0.167,0.149,2328,2138,2416,1845,1289,2446,2182
3,Port St. Lucie,Florida,2,42454094,38730869.96,7471920.54,6739171.37,6350385.27,5748513.18,1121535.27,990658.19,17396,7.32,3479,6263,7654,0.159,0.146,0.165,0.126,0.088,0.167,0.149,2766,2540,2870,2192,1531,2905,2592
4,Miami,Florida,1,48098343,43880118.32,8465308.37,7635140.59,7194665.58,6512774.92,1270642.79,1122365.67,21788,7.58,5447,7844,8497,0.139,0.142,0.165,0.136,0.092,0.177,0.149,3029,3094,3595,2963,2004,3856,3246
5,Port St. Lucie,Florida,2,44277169,40394061.28,7792781.74,7028566.66,6623085.2,5995367.36,1169696.54,1033199.3,16780,7.2,3356,6041,7383,0.159,0.146,0.165,0.126,0.088,0.167,0.149,2668,2450,2769,2114,1477,2802,2500
6,Orlando ,Florida,1,44620925,40707669.88,7853282.8,7083134.56,6674505.05,6041913.78,1178777.75,1041220.78,18369,7.38,4592,6613,7164,0.139,0.142,0.165,0.136,0.092,0.177,0.149,2553,2608,3031,2498,1690,3251,2737
7,Jacksonville,Florida,1,43660192,39831193.16,7684193.79,6930627.61,6530796.3,5911825.35,1153397.49,1018802.26,19799,7.49,4950,7128,7722,0.139,0.142,0.165,0.136,0.092,0.177,0.149,2752,2811,3267,2693,1822,3504,2950
8,Jacksonville,Florida,1,41132309,37525005.5,7239286.38,6529350.96,6152669.5,5569536.37,1086616.89,959814.59,19242,7.16,3848,6927,8466,0.139,0.142,0.165,0.136,0.092,0.177,0.149,2675,2732,3175,2617,1770,3406,2867
9,Miami,Florida,1,46163459,42114923.65,8124768.78,7327996.71,6905240.99,6250781.2,1219527.79,1077215.52,19510,6.9,4878,7024,7609,0.139,0.142,0.165,0.136,0.092,0.177,0.149,2712,2770,3219,2653,1795,3453,2907
10,Jacksonville,Florida,1,44825002,40893849.32,7889200.35,7115529.78,6705031.38,6069546.9,1184168.97,1045982.88,19653,7.37,4913,7075,7665,0.139,0.142,0.165,0.136,0.092,0.177,0.149,2732,2791,3243,2673,1808,3479,2928
11,Tampa,Florida,2,31426290,28670204.37,5531027.04,4988615.56,4700819.88,4255289.07,830207.16,733326.49,15077,10.5,3015,5428,6634,0.159,0.146,0.165,0.126,0.088,0.167,0.149,2397,2201,2488,1900,1327,2518,2246
12,Jacksonville,Florida,1,52014116,47452478.03,9154484.42,8256731.18,7780396.31,7042991.69,1374088.11,1213739.48,21212,7.23,5303,7636,8273,0.139,0.142,0.165,0.136,0.092,0.177,0.149,2948,3012,3500,2885,1952,3755,3161
13,Orlando ,Florida,1,42600726,38864642.33,7497727.78,6762447.77,6372318.84,5768367.94,1125408.94,994079.82,18411,7.27,3682,6628,8101,0.139,0.142,0.165,0.136,0.092,0.177,0.149,2559,2614,3038,2504,1694,3259,2743
14,St. Petersburg,Florida,2,39714156,36231224.52,6989691.46,6304233.07,5940538.77,5377510.81,1049152.69,926722.26,17353,7.77,3471,6247,7635,0.159,0.146,0.165,0.126,0.088,0.167,0.149,2759,2534,2863,2186,1527,2898,2586
15,Orlando ,Florida,1,43631772,39805265.6,7679191.87,6926116.21,6526545.17,5907977.13,1152646.7,1018139.08,19036,7.25,4759,6853,7424,0.139,0.142,0.165,0.136,0.092,0.177,0.149,2646,2703,3141,2589,1751,3369,2836
16,Tampa,Florida,2,42121647,38427578.56,7413409.87,6686398.67,6300657.05,5703498.06,1112752.82,982900.6,17130,7.28,3426,6167,7537,0.159,0.146,0.165,0.126,0.088,0.167,0.149,2724,2501,2826,2158,1507,2861,2552
17,Tampa,Florida,2,35056739,31982262.99,6169986.06,5564913.76,5243871.16,4746871.44,926114.91,818042.32,17078,6.98,3416,6148,7514,0.159,0.146,0.165,0.126,0.088,0.167,0.149,2715,2493,2818,2152,1503,2852,2545
18,Miami,Florida,1,51682521,47149963.91,9096123.7,8204093.72,7730795.53,6998091.94,1365328.17,1206001.78,21908,7.06,5477,7887,8544,0.139,0.142,0.165,0.136,0.092,0.177,0.149,3045,3111,3615,2979,2016,3878,3264
19,Miami,Florida,1,46070028,42029686.54,8108324.93,7313165.46,6891265.36,6238130.14,1217059.57,1075035.32,18286,6.99,4572,6583,7132,0.139,0.142,0.165,0.136,0.092,0.177,0.149,2542,2597,3017,2487,1682,3237,2725
20,Miami,Florida,1,43897068,40047295.14,7725883.97,6968229.35,6566228.78,5943899.64,1159655.18,1024329.71,19904,6.96,4976,7165,7763,0.139,0.142,0.165,0.136,0.092,0.177,0.149,2767,2826,3284,2707,1831,3523,2966
21,Port St. Lucie,Florida,2,43205323,39416216.17,7604136.85,6858421.61,6462755.91,5850233.64,1141380.94,1008187.98,17631,7.03,3526,6347,7758,0.159,0.146,0.165,0.126,0.088,0.167,0.149,2803,2574,2909,2222,1552,2944,2627
22,Orlando ,Florida,1,50807192,46351401.26,8942065.79,8065143.82,7599861.72,6879567.68,1342204.08,1185576.14,20384,7.12,5096,7338,7950,0.139,0.142,0.165,0.136,0.092,0.177,0.149,2833,2895,3363,2772,1875,3608,3037
23,St. Petersburg,Florida,2,30744103,28047845.17,5410962.13,4880325.06,4598776.71,4162917.28,812185.42,717407.78,14314,7.22,2863,5153,6298,0.159,0.146,0.165,0.126,0.088,0.167,0.149,2276,2090,2362,1804,1260,2390,2133
24,St. Petersburg,Florida,2,29394972,26817032.96,5173515.07,4666163.73,4396970.46,3980237.67,776544.61,685926.07,15154,7.27,3031,5455,6668,0.159,0.146,0.165,0.126,0.088,0.167,0.149,2409,2212,2500,1909,1334,2531,2258
25,Miami,Florida,1,44502391,40599531.31,7832420.82,7064318.45,6656774.45,6025863.64,1175646.36,1038454.81,18735,7.06,4684,6745,7307,0.139,0.142,0.165,0.136,0.092,0.177,0.149,2604,2660,3091,2548,1724,3316,2792
26,St. Petersburg,Florida,2,43605917,39781678.08,7674641.39,6922011.99,6522677.72,5904476.22,1151963.67,1017535.76,16685,7.31,3337,6007,7341,0.159,0.146,0.165,0.126,0.088,0.167,0.149,2653,2436,2753,2102,1468,2786,2486
27,Orlando ,Florida,1,45604989,41605431.46,8026478.06,7239345.07,6821703.71,6175161.35,1204774.36,1064183.73,19989,7.22,4997,7196,7796,0.139,0.142,0.165,0.136,0.092,0.177,0.149,2778,2838,3298,2719,1839,3538,2978
28,Port St. Lucie,Florida,2,38586873,35202804.24,6791289.65,6125287.94,5771917.07,5224870.61,1019372.58,900417.33,17235,7.3,3447,6205,7583,0.159,0.146,0.165,0.126,0.088,0.167,0.149,2740,2516,2844,2172,1517,2878,2568
29,Port St. Lucie,Florida,2,33231097,30316729.79,5848673.07,5275110.98,4970787.24,4499669.67,877885.83,775441.31,14662,7.12,2932,5278,6451,0.159,0.146,0.165,0.126,0.088,0.167,0.149,2331,2141,2419,1847,1290,2449,2185
30,Orlando ,Florida,1,52937022,48294445.17,9316915.87,8403233.46,7918446.8,7167958.14,1398469.07,1235275.32,20035,7.27,5009,7213,7814,0.139,0.142,0.165,0.136,0.092,0.177,0.149,2785,2845,3306,2725,1843,3546,2985
31,Augusta,Georgia,2,37285840,34015871.83,6562307.84,5918761.7,5577305.43,5048703.73,985002.41,870057.97,17084,10,3417,6150,7517,0.159,0.146,0.165,0.126,0.088,0.167,0.149,2716,2494,2819,2153,1503,2853,2546
32,Atlanta,Georgia,1,52975509,48329556.86,9323689.58,8409342.89,7924203.78,7173169.49,1399485.81,1236173.41,20712,7.31,5178,7456,8078,0.139,0.142,0.165,0.136,0.092,0.177,0.149,2879,2941,3417,2817,1906,3666,3086
33,Atlanta,Georgia,1,54892157,50078114.83,9661019.63,8713591.98,8210900.59,7432693.96,1450119.05,1280898.02,21488,7.09,5372,7736,8380,0.139,0.142,0.165,0.136,0.092,0.177,0.149,2987,3051,3546,2922,1977,3803,3202
34,Augusta,Georgia,2,42679190,38936225.04,7511537.44,6774903.16,6384055.67,5778992.39,1127481.77,995910.76,17230,7.04,3446,6203,7581,0.159,0.146,0.165,0.126,0.088,0.167,0.149,2740,2516,2843,2171,1516,2877,2567
35,Columbus,Georgia,1,54574630,49788434.95,9605134.88,8663187.68,8163404.13,7389699.09,1441730.75,1273488.59,20690,6.67,5173,7448,8069,0.139,0.142,0.165,0.136,0.092,0.177,0.149,2876,2938,3414,2814,1903,3662,3083
36,Columbus,Georgia,1,42843789,39086388.7,7540506.86,6801031.63,6408676.78,5801279.98,1131830.08,999751.65,18081,7.23,3616,6509,7956,0.139,0.142,0.165,0.136,0.092,0.177,0.149,2513,2568,2983,2459,1663,3200,2694
37,Columbus,Georgia,1,49712907,45353085.06,8749471.63,7891436.8,7436175.94,6731395.59,1313295.69,1160041.21,20452,7.06,5113,7363,7976,0.139,0.142,0.165,0.136,0.092,0.177,0.149,2843,2904,3375,2781,1882,3620,3047
38,Savannah,Georgia,1,41992768,38310002.25,7390727.17,6665940.39,6281379.02,5686047.15,1109348.15,979893.24,19129,7.15,3826,6886,8417,0.139,0.142,0.165,0.136,0.092,0.177,0.149,2659,2716,3156,2602,1760,3386,2850
39,Athens,Georgia,2,31167025,28433676.91,5485396.4,4947459.78,4662038.4,4220183.19,823358,727276.59,14950,7.55,2990,5382,6578,0.159,0.146,0.165,0.126,0.088,0.167,0.149,2377,2183,2467,1884,1316,2497,2228
40,Atlanta,Georgia,1,48458646,44208822.75,8528721.7,7692335.16,7248560.57,6561561.89,1280161.13,1130773.27,21095,7.4,5274,7594,8227,0.139,0.142,0.165,0.136,0.092,0.177,0.149,2932,2995,3481,2869,1941,3734,3143
41,Augusta,Georgia,2,39262742,35819399.53,6910242.59,6232575.52,5873015.18,5316386.92,1037227.41,916188.6,16668,7,3334,6000,7334,0.159,0.146,0.165,0.126,0.088,0.167,0.149,2650,2434,2750,2100,1467,2784,2484
42,Savannah,Georgia,1,45790181,41774382.13,8059071.86,7268742.49,6849405.17,6200237.34,1209666.69,1068505.15,18132,7.06,4533,6528,7071,0.139,0.142,0.165,0.136,0.092,0.177,0.149,2520,2575,2992,2466,1668,3209,2702
43,Atlanta,Georgia,1,43613176,39788300.46,7675918.98,6923164.28,6523763.54,5905459.13,1152155.44,1017705.15,18291,7.07,4573,6585,7133,0.139,0.142,0.165,0.136,0.092,0.177,0.149,2542,2597,3018,2488,1683,3238,2725
44,Atlanta,Georgia,1,46956923,42838800.85,8264418.45,7453951.35,7023929.24,6358220.5,1240489.21,1095730.85,19259,6.5,4815,6933,7511,0.139,0.142,0.165,0.136,0.092,0.177,0.149,2677,2735,3178,2619,1772,3409,2870
45,Savannah,Georgia,1,52511201,47905968.67,9241971.38,8335638.55,7854751.47,7110299.68,1387219.9,1225338.87,20183,7.4,5046,7266,7871,0.139,0.142,0.165,0.136,0.092,0.177,0.149,2805,2866,3330,2745,1857,3572,3007
46,Columbus,Georgia,1,53274616,48602432.18,9376332.42,8456823.2,7968944.92,7213670.19,1407387.5,1243153.01,20656,7.1,5164,7436,8056,0.139,0.142,0.165,0.136,0.092,0.177,0.149,2871,2933,3408,2809,1900,3656,3078
47,Augusta,Georgia,2,32592258,29733916.97,5736237.41,5173701.55,4875228.17,4413167.43,861009.23,760534.13,15265,7.23,3053,5495,6717,0.159,0.146,0.165,0.126,0.088,0.167,0.149,2427,2229,2519,1923,1343,2549,2274
48,Atlanta,Georgia,1,50184245,45783086.71,8832427.12,7966257.09,7506679.81,6795217.3,1325747.31,1171039.79,21550,7.3,5388,7758,8405,0.139,0.142,0.165,0.136,0.092,0.177,0.149,2995,3060,3556,2931,1983,3814,3211
49,Columbus,Georgia,1,50801315,46346039.67,8941031.44,8064210.9,7598982.62,6878771.9,1342048.82,1185439,20151,7.29,5038,7254,7859,0.139,0.142,0.165,0.136,0.092,0.177,0.149,2801,2861,3325,2741,1854,3567,3002
50,Athens,Georgia,2,37019883,33773239.26,6515499.41,5876543.63,5537522.95,5012691.72,977976.46,863851.91,17590,7.17,3518,6332,7740,0.159,0.146,0.165,0.126,0.088,0.167,0.149,2797,2568,2902,2216,1548,2938,2621
51,Savannah,Georgia,1,51504724,46987759.71,9064831.42,8175870.19,7704200.23,6974017.27,1360631.2,1201852.92,20460,7.38,5115,7366,7979,0.139,0.142,0.165,0.136,0.092,0.177,0.149,2844,2905,3376,2783,1882,3621,3049
52,Columbus,Georgia,1,51959020,47402213.95,9144787.52,8247985.23,7772154.91,7035531.4,1372632.61,1212453.83,20387,7.25,5097,7339,7951,0.139,0.142,0.165,0.136,0.092,0.177,0.149,2834,2895,3364,2773,1876,3608,3038
53,Columbus,Georgia,1,51824500,47279491.35,9121112,8226631.49,7752033.09,7017316.67,1369078.91,1209314.83,21967,6.93,5492,7908,8567,0.139,0.142,0.165,0.136,0.092,0.177,0.149,3053,3119,3625,2988,2021,3888,3273
54,Augusta,Georgia,2,39388857,35934454.24,6932438.83,6252595.04,5891879.76,5333463.57,1040559.07,919131.47,17731,7.29,3546,6383,7802,0.159,0.146,0.165,0.126,0.088,0.167,0.149,2819,2589,2926,2234,1560,2961,2642
55,Savannah,Georgia,1,51348115,46844885.31,9037268.24,8151010.04,7680774.28,6952811.57,1356493.96,1198198.48,20978,7.24,5245,7552,8181,0.139,0.142,0.165,0.136,0.092,0.177,0.149,2916,2979,3461,2853,1930,3713,3126
56,Savannah,Georgia,1,41901975,38227171.79,7374747.6,6651527.89,6267797.99,5673753.29,1106949.61,977774.6,18718,7.32,3744,6738,8236,0.139,0.142,0.165,0.136,0.092,0.177,0.149,2602,2658,3088,2546,1722,3313,2789
57,Augusta,Georgia,2,39301223,35854505.74,6917015.25,6238684,5878771.26,5321597.45,1038243.99,917086.55,16405,7.05,3281,5906,7218,0.159,0.146,0.165,0.126,0.088,0.167,0.149,2608,2395,2707,2067,1444,2740,2444
58,Savannah,Georgia,1,54033398,49294669,9509878.05,8577272.41,8082445.35,7316413.36,1427432.7,1260859.04,21343,7.39,5336,7683,8324,0.139,0.142,0.165,0.136,0.092,0.177,0.149,2967,3031,3522,2903,1964,3778,3180
59,Savannah,Georgia,1,53099509,48442682.06,9345513.58,8429026.68,7942752,7189959.76,1402761.59,1239066.92,20676,7.24,5169,7443,8064,0.139,0.142,0.165,0.136,0.092,0.177,0.149,2874,2936,3412,2812,1902,3660,3081
60,Atlanta,Georgia,1,54159672,49409868.77,9532102.27,8597317.17,8101333.72,7333511.54,1430768.55,1263805.62,21336,7.28,5334,7681,8321,0.139,0.142,0.165,0.136,0.092,0.177,0.149,2966,3030,3520,2902,1963,3776,3179
61,Columbia,South Carolina,1,42279544,38571627.99,7441199.74,6711463.27,6324275.66,5724878.17,1116924.08,986585.1,19312,6.99,3862,6952,8497,0.139,0.142,0.165,0.136,0.092,0.177,0.149,2684,2742,3186,2626,1777,3418,2877
62,North Charleston,South Carolina,1,46854462,42745325.68,8246385.31,7437686.67,7008602.88,6344346.73,1237782.44,1093339.94,18252,7.47,4563,6571,7118,0.139,0.142,0.165,0.136,0.092,0.177,0.149,2537,2592,3012,2482,1679,3231,2720
63,Charleston,South Carolina,1,44730543,40807674.38,7872575.57,7100535.34,6690901.98,6056756.65,1181673.59,1043778.7,19675,7.34,4919,7083,7673,0.139,0.142,0.165,0.136,0.092,0.177,0.149,2735,2794,3246,2676,1810,3482,2932
64,Rock Hill,South Carolina,2,32937306,30048704.26,5796965.86,5228474.54,4926841.28,4459888.78,870124.57,768585.76,15200,7.24,3040,5472,6688,0.159,0.146,0.165,0.126,0.088,0.167,0.149,2417,2219,2508,1915,1338,2538,2265
65,Rock Hill,South Carolina,2,32267930,29438032.54,5679155.68,5122217.66,4826714.41,4369251.67,852441.27,752966,14619,7.29,2924,5263,6432,0.159,0.146,0.165,0.126,0.088,0.167,0.149,2324,2134,2412,1842,1286,2441,2178
66,Greenville,South Carolina,2,44261474,40379742.73,7790019.42,7026075.24,6620737.51,5993242.18,1169281.92,1032833.06,17255,6.99,3451,6212,7592,0.159,0.146,0.165,0.126,0.088,0.167,0.149,2744,2519,2847,2174,1518,2882,2571
67,Mount Pleasant,South Carolina,2,30230360,27579157.43,5320543.36,4798773.39,4521929.8,4093353.7,798613.56,705419.69,15424,7.32,3085,5553,6787,0.159,0.146,0.165,0.126,0.088,0.167,0.149,2452,2252,2545,1943,1357,2576,2298
68,Charleston,South Carolina,1,46233737,42179038.27,8137137.71,7339152.66,6915753.34,6260297.22,1221384.37,1078855.44,19205,6.97,4801,6914,7490,0.139,0.142,0.165,0.136,0.092,0.177,0.149,2669,2727,3169,2612,1767,3399,2862
69,Rock Hill,South Carolina,2,44109850,40241416.16,7763333.6,7002006.41,6598057.23,5972711.47,1165276.37,1029294.94,16270,7.35,3254,5857,7159,0.159,0.146,0.165,0.126,0.088,0.167,0.149,2587,2375,2685,2050,1432,2717,2424
70,Columbia,South Carolina,1,44254971,40373810.04,7788874.9,7025042.95,6619764.77,5992361.63,1169110.12,1032681.31,19313,7.24,4828,6953,7532,0.139,0.142,0.165,0.136,0.092,0.177,0.149,2685,2742,3187,2627,1777,3418,2878
71,Columbia,South Carolina,1,54094197,49350135.92,9520578.67,8586923.65,8091539.81,7324645.87,1429038.86,1262277.78,21962,7.21,5491,7906,8565,0.139,0.142,0.165,0.136,0.092,0.177,0.149,3053,3119,3624,2987,2021,3887,3272
72,Charleston,South Carolina,1,46937111,42820726.37,8260931.54,7450806.39,7020965.71,6355537.85,1239965.82,1095268.54,18895,7.34,4724,6802,7369,0.139,0.142,0.165,0.136,0.092,0.177,0.149,2626,2683,3118,2570,1738,3344,2815
73,North Charleston,South Carolina,1,52716083,48092882.52,9278030.61,8368161.56,7885398.21,7138041.81,1392632.39,1230119.75,21988,7.12,5497,7916,8575,0.139,0.142,0.165,0.136,0.092,0.177,0.149,3056,3122,3628,2990,2023,3892,3276
74,North Charleston,South Carolina,1,48302173,44066072.43,8501182.45,7667496.6,7225154.96,6540374.6,1276027.49,1127122,21400,7.07,5350,7704,8346,0.139,0.142,0.165,0.136,0.092,0.177,0.149,2975,3039,3531,2910,1969,3788,3189
75,North Charleston,South Carolina,1,45009345,41062025.44,7921644.72,7144792.43,6732605.85,6094507.94,1189038.87,1050284.49,19399,7.35,4850,6984,7566,0.139,0.142,0.165,0.136,0.092,0.177,0.149,2696,2755,3201,2638,1785,3434,2890
76,Greenville,South Carolina,2,35657196,32530059.91,6275666.5,5660230.42,5333688.95,4828176.55,941977.54,832053.87,17622,13,3524,6344,7754,0.159,0.146,0.165,0.126,0.088,0.167,0.149,2802,2573,2908,2220,1551,2943,2626
77,Columbia,South Carolina,1,45227105,41260687.89,7959970.48,7179359.69,6765178.91,6123993.82,1194791.57,1055365.87,18669,7.4,4667,6721,7281,0.139,0.142,0.165,0.136,0.092,0.177,0.149,2595,2651,3080,2539,1718,3304,2782
78,North Charleston,South Carolina,1,46739511,42640455.89,8226153.94,7419439.32,6991408.23,6328781.74,1234745.71,1090657.58,19407,7.15,4852,6987,7569,0.139,0.142,0.165,0.136,0.092,0.177,0.149,2698,2756,3202,2639,1785,3435,2892
79,Columbia,South Carolina,1,45959959,41929270.6,8088952.78,7295693.08,6874800.97,6223226.2,1214151.81,1072466.88,18043,7.46,4511,6495,7037,0.139,0.142,0.165,0.136,0.092,0.177,0.149,2508,2562,2977,2454,1660,3194,2688
80,Greenville,South Carolina,2,35638940,32513404.96,6272453.44,5657332.46,5330958.18,4825704.59,941495.26,831627.87,17995,7.28,3599,6478,7918,0.159,0.146,0.165,0.126,0.088,0.167,0.149,2861,2627,2969,2267,1584,3005,2681
81,Charleston,South Carolina,1,52324217,47735383.17,9209062.19,8305956.67,7826781.96,7084981.04,1382280.24,1220975.63,20725,7.42,5181,7461,8083,0.139,0.142,0.165,0.136,0.092,0.177,0.149,2881,2943,3420,2819,1907,3668,3088
82,Mount Pleasant,South Carolina,2,44620724,40707486.51,7853247.42,7083102.65,6674474.99,6041886.56,1178772.44,1041216.09,16680,7.27,3336,6005,7339,0.159,0.146,0.165,0.126,0.088,0.167,0.149,2652,2435,2752,2102,1468,2786,2485
83,Mount Pleasant,South Carolina,2,37527914,34236715.94,6604912.86,5957188.57,5613515.44,5081481.85,991397.42,875706.72,16269,7.4,3254,5857,7158,0.159,0.146,0.165,0.126,0.088,0.167,0.149,2587,2375,2684,2050,1432,2717,2424
84,Greenville,South Carolina,2,38536370,35156730.35,6782401.12,6117271.08,5764362.71,5218032.23,1018038.41,899238.85,17656,7.13,3531,6356,7769,0.159,0.146,0.165,0.126,0.088,0.167,0.149,2807,2578,2913,2225,1554,2949,2631
85,Mount Pleasant,South Carolina,2,42443273,38720997.96,7470016.05,6737453.64,6348766.64,5747047.96,1121249.41,990405.69,17800,10.67,3560,6408,7832,0.159,0.146,0.165,0.126,0.088,0.167,0.149,2830,2599,2937,2243,1566,2973,2652
86,Mount Pleasant,South Carolina,2,29660297,27059088.95,5220212.27,4708281.48,4436658.41,4016164.1,783553.86,692117.38,14286,7.28,2857,5143,6286,0.159,0.146,0.165,0.126,0.088,0.167,0.149,2271,2086,2357,1800,1257,2386,2129
87,North Charleston,South Carolina,1,52730500,48106035.15,9280568,8370450.12,7887554.74,7139993.95,1393013.26,1230456.17,21679,7.12,5420,7804,8455,0.139,0.142,0.165,0.136,0.092,0.177,0.149,3013,3078,3577,2948,1994,3837,3230
88,North Charleston,South Carolina,1,45361114,41382944.3,7983556.06,7200632.31,6785224.3,6142139.36,1198331.77,1058492.95,18351,7.28,4588,6606,7157,0.139,0.142,0.165,0.136,0.092,0.177,0.149,2551,2606,3028,2496,1688,3248,2734
89,Rock Hill,South Carolina,2,43494558,39680085.26,7655042.21,6904334.84,6506020.37,5889397.61,1149021.84,1014937.22,16459,7.11,3292,5925,7242,0.159,0.146,0.165,0.126,0.088,0.167,0.149,2617,2403,2716,2074,1448,2749,2452
90,North Charleston,South Carolina,1,45797095,41780689.77,8060288.72,7269840.02,6850439.38,6201173.54,1209849.34,1068666.48,19182,7.22,4796,6906,7481,0.139,0.142,0.165,0.136,0.092,0.177,0.149,2666,2724,3165,2609,1765,3395,2858
91,Raleigh,North Carolina,1,45998377,41964319.34,8095714.35,7301791.56,6880547.63,6228428.2,1215166.72,1073363.36,18289,7.2,4572,6584,7133,0.139,0.142,0.165,0.136,0.092,0.177,0.149,2542,2597,3018,2487,1683,3237,2725
92,Greensboro,North Carolina,2,41760682,38098270.19,7349880.03,6629099.01,6246663.04,5654621.46,1103216.99,974477.55,16939,12,3388,6098,7453,0.159,0.146,0.165,0.126,0.088,0.167,0.149,2693,2473,2795,2134,1491,2829,2524
93,Raleigh,North Carolina,1,43359616,39556977.68,7631292.42,6882914.12,6485835.42,5871125.74,1145456.99,1011788.38,19664,7.16,4916,7079,7669,0.139,0.142,0.165,0.136,0.092,0.177,0.149,2733,2792,3245,2674,1809,3481,2930
94,Fayetteville,North Carolina,2,39329893,35880661.38,6922061.17,6243235.08,5883059.79,5325479.52,1039001.38,917755.56,16085,7.21,3217,5791,7077,0.159,0.146,0.165,0.126,0.088,0.167,0.149,2558,2348,2654,2027,1415,2686,2397
95,Winston-Salem,North Carolina,2,37602340,34304614.78,6618011.84,5969002.97,5624648.26,5091559.54,993363.58,877443.44,16341,7.23,3268,5883,7190,0.159,0.146,0.165,0.126,0.088,0.167,0.149,2598,2386,2696,2059,1438,2729,2435
96,Raleigh,North Carolina,1,46451697,42377883.17,8175498.67,7373751.67,6948356.32,6289810.18,1227142.35,1083941.5,19392,7.12,4848,6981,7563,0.139,0.142,0.165,0.136,0.092,0.177,0.149,2695,2754,3200,2637,1784,3432,2889
97,Winston-Salem,North Carolina,2,41671737,38017125.67,7334225.71,6614979.87,6233358.43,5642577.83,1100867.28,972402.04,17613,7.21,3523,6341,7750,0.159,0.146,0.165,0.126,0.088,0.167,0.149,2800,2571,2906,2219,1550,2941,2624
98,Raleigh,North Carolina,1,52563685,47953849.83,9251208.56,8343969.87,7862602.16,7117406.3,1388606.4,1226563.57,20924,7,5231,7533,8160,0.139,0.142,0.165,0.136,0.092,0.177,0.149,2908,2971,3452,2846,1925,3704,3118
99,Charlotte,North Carolina,1,44782910,40855448.79,7881792.16,7108848.09,6698735.16,6063847.42,1183057,1045000.67,18407,6.44,4602,6627,7179,0.139,0.142,0.165,0.136,0.092,0.177,0.149,2559,2614,3037,2503,1693,3258,2743
100,Durham,North Carolina,1,44586208,40675997.56,7847172.61,7077623.58,6669312,6037212.91,1177860.61,1040410.67,18995,7.18,4749,6838,7408,0.139,0.142,0.165,0.136,0.092,0.177,0.149,2640,2697,3134,2583,1748,3362,2830
101,Raleigh,North Carolina,1,44585944,40675756.71,7847126.14,7077581.67,6669272.51,6037177.16,1177853.63,1040404.51,18756,7.29,4689,6752,7315,0.139,0.142,0.165,0.136,0.092,0.177,0.149,2607,2663,3095,2551,1726,3320,2795
102,Durham,North Carolina,1,44498724,40596185.91,7831775.42,7063736.35,6656225.93,6025367.1,1175549.49,1038369.24,19225,7.23,4806,6921,7498,0.139,0.142,0.165,0.136,0.092,0.177,0.149,2672,2730,3172,2615,1769,3403,2865
103,Charlotte,North Carolina,1,54231635,49475520.61,9544767.76,8608740.59,8112098.12,7343255.72,1432669.64,1265484.87,20931,7.25,5233,7535,8163,0.139,0.142,0.165,0.136,0.092,0.177,0.149,2909,2972,3454,2847,1926,3705,3119
104,Raleigh,North Carolina,1,43250607,39457528.77,7612106.83,6865610.01,6469529.6,5856365.33,1142577.24,1009244.67,18058,7.35,4515,6501,7043,0.139,0.142,0.165,0.136,0.092,0.177,0.149,2510,2564,2980,2456,1661,3196,2691
105,Fayetteville,North Carolina,2,29157341,26600242.19,5131692.02,4628442.14,4361425.04,3948061.15,770266.97,680380.99,15602,7.2,3120,5617,6865,0.159,0.146,0.165,0.126,0.088,0.167,0.149,2481,2278,2574,1966,1373,2606,2325
106,Charlotte,North Carolina,1,54184928,49432909.81,9536547.33,8601326.31,8105111.57,7336931.34,1431435.75,1264394.97,20402,7.43,5101,7345,7957,0.139,0.142,0.165,0.136,0.092,0.177,0.149,2836,2897,3366,2775,1877,3611,3040
107,Charlotte,North Carolina,1,45875898,41852581.75,8074158.05,7282349.22,6862226.92,6211843.89,1211931.12,1070505.34,19083,7.41,4771,6870,7442,0.139,0.142,0.165,0.136,0.092,0.177,0.149,2653,2710,3149,2595,1756,3378,2843
108,Winston-Salem,North Carolina,2,32683002,29816702.72,5752208.35,5188106.27,4888801.88,4425454.65,863406.47,762651.62,14681,6.88,2936,5285,6460,0.159,0.146,0.165,0.126,0.088,0.167,0.149,2334,2143,2422,1850,1292,2452,2187
109,Durham,North Carolina,1,45116260,41159564,7940461.76,7161764.14,6748598.45,6108984.81,1191863.31,1052779.33,18028,7.36,4507,6490,7031,0.139,0.142,0.165,0.136,0.092,0.177,0.149,2506,2560,2975,2452,1659,3191,2686
110,Greensboro,North Carolina,2,33844723,30876540.79,5956671.25,5372518.1,5062574.89,4582757.94,894096.35,789760.16,14364,7.23,2873,5171,6320,0.159,0.146,0.165,0.126,0.088,0.167,0.149,2284,2097,2370,1810,1264,2399,2140
111,Greensboro,North Carolina,2,29133336,26578342.43,5127467.14,4624631.58,4357834.32,3944810.74,769632.82,679820.84,15909,7.1,3182,5727,7000,0.159,0.146,0.165,0.126,0.088,0.167,0.149,2530,2323,2625,2005,1400,2657,2370
112,Greensboro,North Carolina,2,29672372,27070104.98,5222337.47,4710198.27,4438464.62,4017799.12,783872.85,692399.15,15081,6.94,3016,5429,6636,0.159,0.146,0.165,0.126,0.088,0.167,0.149,2398,2202,2488,1900,1327,2519,2247
113,Winston-Salem,North Carolina,2,35464983,32354703.99,6241837.01,5629718.49,5304937.27,4802149.88,936899.73,827568.62,16957,6.94,3391,6105,7461,0.159,0.146,0.165,0.126,0.088,0.167,0.149,2696,2476,2798,2137,1492,2832,2527
114,Raleigh,North Carolina,1,44852617,40919042.49,7894060.59,7119913.39,6709162.1,6073286.12,1184898.49,1046627.27,19987,7.37,4997,7195,7795,0.139,0.142,0.165,0.136,0.092,0.177,0.149,2778,2838,3298,2718,1839,3538,2978
115,Fayetteville,North Carolina,2,42510827,38782627.47,7481905.55,6748177.18,6358871.53,5756195.13,1123034.02,991982.05,17767,7.26,3553,6396,7817,0.159,0.146,0.165,0.126,0.088,0.167,0.149,2825,2594,2932,2239,1563,2967,2647
116,Fayetteville,North Carolina,2,36477388,33278321.07,6420020.29,5790427.87,5456375.24,4939234.97,963645.05,851192.9,17547,7.11,3509,6317,7721,0.159,0.146,0.165,0.126,0.088,0.167,0.149,2790,2562,2895,2211,1544,2930,2615
117,Greensboro,North Carolina,2,36772287,33547357.43,6471922.51,5837240.19,5500486.94,4979165.88,971435.57,858074.31,16928,6.74,3386,6094,7448,0.159,0.146,0.165,0.126,0.088,0.167,0.149,2692,2471,2793,2133,1490,2827,2522
118,Greensboro,North Carolina,2,45838849,41818781.94,8067637.42,7276468.06,6856685.05,6206827.25,1210952.38,1069640.8,17012,7.53,3402,6124,7485,0.159,0.146,0.165,0.126,0.088,0.167,0.149,2705,2484,2807,2144,1497,2841,2535
119,Durham,North Carolina,1,41250931,37633224.35,7260163.86,6548181.04,6170413.26,5585598.42,1089750.59,962582.61,19353,7.51,3871,6967,8515,0.139,0.142,0.165,0.136,0.092,0.177,0.149,2690,2748,3193,2632,1780,3425,2884
120,Durham,North Carolina,1,42250592,38545215.08,7436104.19,6706867.42,6319944.95,5720957.91,1116159.24,985909.51,19239,6.67,3848,6926,8465,0.139,0.142,0.165,0.136,0.092,0.177,0.149,2674,2732,3174,2617,1770,3405,2867
121,Richmond,Virginia,1,41324824,37700636.94,7273169.02,6559910.83,6181466.35,5595603.94,1091702.67,964306.89,19930,6.94,3986,7175,8769,0.139,0.142,0.165,0.136,0.092,0.177,0.149,2770,2830,3288,2710,1834,3528,2970
122,Arlington,Virginia,1,45941871,41912768.91,8085769.3,7292821.79,6872095.32,6220776.99,1213673.97,1072044.8,18851,7.29,4713,6786,7352,0.139,0.142,0.165,0.136,0.092,0.177,0.149,2620,2677,3110,2564,1734,3337,2809
123,Richmond,Virginia,1,50501713,46072712.77,8888301.49,8016652.02,7554167.43,6838204.17,1334134.05,1178447.85,20199,7.28,5050,7272,7878,0.139,0.142,0.165,0.136,0.092,0.177,0.149,2808,2868,3333,2747,1858,3575,3010
124,Chesapeake,Virginia,2,39464970,36003892.13,6945834.72,6264677.23,5903264.93,5343769.68,1042569.79,920907.55,16640,7.41,3328,5990,7322,0.159,0.146,0.165,0.126,0.088,0.167,0.149,2646,2429,2746,2097,1464,2779,2479
125,Virginia Beach,Virginia,1,50454974,46030072.78,8880075.42,8009232.66,7547176.1,6831875.46,1332899.32,1177357.2,21915,7.44,5479,7889,8547,0.139,0.142,0.165,0.136,0.092,0.177,0.149,3046,3112,3616,2980,2016,3879,3265
126,Virginia Beach,Virginia,1,50579237,46143437.92,8901945.71,8028958.2,7565763.66,6848701.34,1336182.05,1180256.85,20178,7.29,5045,7264,7869,0.139,0.142,0.165,0.136,0.092,0.177,0.149,2805,2865,3329,2744,1856,3572,3007
127,Arlington,Virginia,1,51433416,46922705.42,9052281.22,8164550.74,7693533.81,6964361.78,1358747.41,1200188.96,20743,6.75,5186,7467,8090,0.139,0.142,0.165,0.136,0.092,0.177,0.149,2883,2946,3423,2821,1908,3672,3091
128,Chesapeake,Virginia,2,31724363,28942136.36,5583487.89,5035931.73,4745406.36,4295649.76,838081.53,740281.96,15803,7.33,3161,5689,6953,0.159,0.146,0.165,0.126,0.088,0.167,0.149,2513,2307,2607,1991,1391,2639,2355
129,Norfolk,Virginia,2,38052167,34714991.95,6697181.39,6040408.6,5691934.47,5152468.54,1005246.93,887940.06,16669,7.28,3334,6001,7334,0.159,0.146,0.165,0.126,0.088,0.167,0.149,2650,2434,2750,2100,1467,2784,2484
130,Chesapeake,Virginia,2,43354698,39552490.99,7630426.85,6882133.43,6485099.78,5870459.82,1145327.07,1011673.61,17440,7.44,3488,6278,7674,0.159,0.146,0.165,0.126,0.088,0.167,0.149,2773,2546,2878,2197,1535,2912,2599
131,Norfolk,Virginia,2,28775483,26251873.14,5064485.01,4567825.93,4304305.81,3896355.52,760179.2,671470.41,15421,6.91,3084,5552,6785,0.159,0.146,0.165,0.126,0.088,0.167,0.149,2452,2251,2544,1943,1357,2575,2298
132,Richmond,Virginia,1,53231860,48563425.88,9368807.36,8450036.1,7962549.38,7207880.8,1406257.98,1242155.31,21045,6.44,5261,7576,8208,0.139,0.142,0.165,0.136,0.092,0.177,0.149,2925,2988,3472,2862,1936,3725,3136
133,Virginia Beach,Virginia,1,46074666,42033917.79,8109141.22,7313901.7,6891959.12,6238758.15,1217182.1,1075143.55,19673,7.33,4918,7082,7672,0.139,0.142,0.165,0.136,0.092,0.177,0.149,2735,2794,3246,2676,1810,3482,2931
134,Arlington,Virginia,1,48621241,44357158.16,8557338.42,7718145.52,7272881.92,6583578.13,1284456.5,1134567.39,20183,7.24,5046,7266,7871,0.139,0.142,0.165,0.136,0.092,0.177,0.149,2805,2866,3330,2745,1857,3572,3007
135,Arlington,Virginia,1,50352185,45936298.38,8861984.56,7992915.92,7531800.68,6817957.28,1330183.88,1174958.64,20577,6.47,5144,7408,8025,0.139,0.142,0.165,0.136,0.092,0.177,0.149,2860,2922,3395,2798,1893,3642,3066
136,Virginia Beach,Virginia,1,46284822,42225643.11,8146128.67,7347261.9,6923394.76,6267214.4,1222733.91,1080047.5,19098,7.19,4775,6875,7448,0.139,0.142,0.165,0.136,0.092,0.177,0.149,2655,2712,3151,2597,1757,3380,2846
137,Chesapeake,Virginia,2,33993142,31011943.45,5982792.99,5396078.16,5084775.76,4602854.67,898017.23,793223.49,14166,7.3,2833,5100,6233,0.159,0.146,0.165,0.126,0.088,0.167,0.149,2252,2068,2337,1785,1247,2366,2111
138,Arlington,Virginia,1,48662564,44394857.14,8564611.26,7724705.14,7279063.11,6589173.49,1285548.15,1135531.66,20552,7.21,5138,7399,8015,0.139,0.142,0.165,0.136,0.092,0.177,0.149,2857,2918,3391,2795,1891,3638,3062
139,Arlington,Virginia,1,42139258,38443645.07,7416509.41,6689194.24,6303291.35,5705882.69,1113218.06,983311.55,18684,6.54,3737,6726,8221,0.139,0.142,0.165,0.136,0.092,0.177,0.149,2597,2653,3083,2541,1719,3307,2784
140,Norfolk,Virginia,2,35063390,31988330.7,6171156.64,5565969.54,5244866.03,4747772.02,926290.61,818197.52,17655,6.87,3531,6356,7768,0.159,0.146,0.165,0.126,0.088,0.167,0.149,2807,2578,2913,2225,1554,2948,2631
141,Virginia Beach,Virginia,1,43432183,39623180.55,7644064.21,6894433.42,6496690.17,5880951.7,1147374.04,1013481.71,19306,6.61,4827,6950,7529,0.139,0.142,0.165,0.136,0.092,0.177,0.149,2684,2741,3185,2626,1776,3417,2877
142,Norfolk,Virginia,2,30743651,28047432.81,5410882.58,4880253.31,4598709.1,4162856.07,812173.47,717397.24,14298,6.92,2860,5147,6291,0.159,0.146,0.165,0.126,0.088,0.167,0.149,2273,2088,2359,1802,1258,2388,2130
143,Richmond,Virginia,1,43063035,39286406.83,7579094.16,6835834.79,6441472.13,5830967.07,1137622.03,1004867.71,18325,7.04,4581,6597,7147,0.139,0.142,0.165,0.136,0.092,0.177,0.149,2547,2602,3024,2492,1686,3244,2730
144,Norfolk,Virginia,2,33012693,30117479.82,5810233.97,5240441.49,4938117.85,4470096.59,872116.12,770344.9,15288,7.2,3058,5504,6727,0.159,0.146,0.165,0.126,0.088,0.167,0.149,2431,2232,2523,1926,1345,2553,2278
145,Virginia Beach,Virginia,1,41544660,37901193.32,7311860.16,6594807.64,6214349.95,5625370.91,1097510.21,969436.72,18849,6.91,3770,6786,8294,0.139,0.142,0.165,0.136,0.092,0.177,0.149,2620,2677,3110,2563,1734,3336,2809
146,Chesapeake,Virginia,2,30357552,27695194.69,5342929.15,4818963.88,4540955.49,4110576.19,801973.67,708387.69,15917,7.11,3183,5730,7003,0.159,0.146,0.165,0.126,0.088,0.167,0.149,2531,2324,2626,2006,1401,2658,2372
147,Richmond,Virginia,1,45424419,41440697.45,7994697.74,7210681.36,6794693.61,6150711.2,1200004.13,1059970.16,19322,7.28,4831,6956,7536,0.139,0.142,0.165,0.136,0.092,0.177,0.149,2686,2744,3188,2628,1778,3420,2879
148,Arlington,Virginia,1,44709902,40788843.59,7868942.75,7097258.79,6687814.44,6053961.74,1181128.31,1043297.04,18756,7.15,4689,6752,7315,0.139,0.142,0.165,0.136,0.092,0.177,0.149,2607,2663,3095,2551,1726,3320,2795
149,Richmond,Virginia,1,48968496,44673958.9,8618455.3,7773268.85,7324825.16,6630598.33,1293630.14,1142670.52,21153,7.03,5288,7615,8250,0.139,0.142,0.165,0.136,0.092,0.177,0.149,2940,3004,3490,2877,1946,3744,3152
150,Arlington,Virginia,1,43129719,39347242.64,7590830.54,6846420.22,6451446.88,5839996.45,1139383.66,1006423.77,19442,7.42,4861,6999,7582,0.139,0.142,0.165,0.136,0.092,0.177,0.149,2702,2761,3208,2644,1789,3441,2897
151,Frederick,Maryland,2,30131645,27489099.73,5303169.52,4783103.35,4507163.78,4079987.16,796005.74,703116.19,15245,7.3,3049,5488,6708,0.159,0.146,0.165,0.126,0.088,0.167,0.149,2424,2226,2515,1921,1342,2546,2272
152,Germantown,Maryland,2,32726525,29856408.76,5759868.4,5195015.12,4895312.15,4431347.9,864556.25,763667.22,15729,7.19,3146,5662,6921,0.159,0.146,0.165,0.126,0.088,0.167,0.149,2501,2296,2595,1982,1384,2627,2344
153,Silver Spring,Maryland,1,51704744,47170237.95,9100034.94,8207621.4,7734119.7,7001101.06,1365915.25,1206520.35,20055,7.32,5014,7220,7821,0.139,0.142,0.165,0.136,0.092,0.177,0.149,2788,2848,3309,2727,1845,3550,2988
154,Silver Spring,Maryland,1,45992710,41959149.33,8094716.96,7300891.98,6879699.94,6227660.86,1215017.02,1073231.12,19653,7.22,4913,7075,7665,0.139,0.142,0.165,0.136,0.092,0.177,0.149,2732,2791,3243,2673,1808,3479,2928
155,Frederick,Maryland,2,37922420,34596623.77,6674345.92,6019812.54,5672526.6,5134900.09,1001819.32,884912.44,17922,7.4,3584,6452,7886,0.159,0.146,0.165,0.126,0.088,0.167,0.149,2850,2617,2957,2258,1577,2993,2670
156,Waldorf,Maryland,1,51431243,46920722.99,9051898.77,8164205.8,7693208.76,6964067.55,1358690.01,1200138.25,21205,7.15,5301,7634,8270,0.139,0.142,0.165,0.136,0.092,0.177,0.149,2947,3011,3499,2884,1951,3753,3160
157,Silver Spring,Maryland,1,51849838,47302607.21,9125571.49,8230653.65,7755823.21,7020747.57,1369748.28,1209906.09,21582,7.15,5396,7770,8417,0.139,0.142,0.165,0.136,0.092,0.177,0.149,3000,3065,3561,2935,1986,3820,3216
158,Frederick,Maryland,2,38066476,34728046.05,6699699.78,6042680.01,5694074.84,5154406.05,1005624.94,888273.96,16695,6.25,3339,6010,7346,0.159,0.146,0.165,0.126,0.088,0.167,0.149,2655,2437,2755,2104,1469,2788,2488
159,Frederick,Maryland,2,39580057,36108886,6966090.03,6282946.16,5920479.92,5359353.08,1045610.11,923593.09,16141,6.28,3228,5811,7102,0.159,0.146,0.165,0.126,0.088,0.167,0.149,2566,2357,2663,2034,1420,2696,2405
160,Frederick,Maryland,2,40965694,37373002.64,7209962.14,6502902.46,6127746.83,5546975.8,1082215.32,955926.66,16079,7.41,3216,5788,7075,0.159,0.146,0.165,0.126,0.088,0.167,0.149,2557,2348,2653,2026,1415,2685,2396
161,Baltimore,Maryland,1,50612567,46173844.87,8907811.79,8034249.01,7570749.24,6853214.4,1337062.55,1181034.6,21545,7,5386,7756,8403,0.139,0.142,0.165,0.136,0.092,0.177,0.149,2995,3059,3555,2930,1982,3813,3210
162,Germantown,Maryland,2,28883440,26350362.31,5083485.44,4584963.04,4320454.28,3910973.48,763031.16,673989.57,14645,7.2,2929,5272,6444,0.159,0.146,0.165,0.126,0.088,0.167,0.149,2329,2138,2416,1845,1289,2446,2182
163,Waldorf,Maryland,1,44150218,40278243.88,7770438.37,7008414.44,6604095.57,5978177.51,1166342.8,1030236.92,18161,6.86,4540,6538,7083,0.139,0.142,0.165,0.136,0.092,0.177,0.149,2524,2579,2997,2470,1671,3214,2706
164,Germantown,Maryland,2,30452658,27781959.89,5359667.81,4834061.02,4555181.67,4123454.05,804486.14,710606.97,15178,7.24,3036,5464,6678,0.159,0.146,0.165,0.126,0.088,0.167,0.149,2413,2216,2504,1912,1336,2535,2262
165,Frederick,Maryland,2,33596826,30650384.36,5913041.38,5333166.88,5025493.87,4549191.35,887547.51,783975.53,14236,7.2,2847,5125,6264,0.159,0.146,0.165,0.126,0.088,0.167,0.149,2264,2078,2349,1794,1253,2377,2121
166,Frederick,Maryland,2,44939798,40998577.72,7909404.45,7133752.52,6722202.84,6085090.9,1187201.61,1048661.62,16359,7.22,3272,5889,7198,0.159,0.146,0.165,0.126,0.088,0.167,0.149,2601,2388,2699,2061,1440,2732,2437
167,Waldorf,Maryland,1,42738266,38990120.07,7521934.82,6784280.89,6392892.4,5786991.6,1129042.42,997289.29,19012,7.16,3802,6844,8365,0.139,0.142,0.165,0.136,0.092,0.177,0.149,2643,2700,3137,2586,1749,3365,2833
168,Columbia,Maryland,1,46565346,42481565.16,8195500.9,7391792.34,6965356.21,6305198.86,1230144.68,1086593.47,18932,7.25,4733,6816,7383,0.139,0.142,0.165,0.136,0.092,0.177,0.149,2632,2688,3124,2575,1742,3351,2821
169,Silver Spring,Maryland,1,41620498,37970380.33,7325207.65,6606846.18,6225693.98,5635639.79,1099513.67,971206.39,18765,7.08,3753,6755,8257,0.139,0.142,0.165,0.136,0.092,0.177,0.149,2608,2665,3096,2552,1726,3321,2796
170,Columbia,Maryland,1,51487034,46971621.12,9061717.98,8173062.07,7701554.11,6971621.95,1360163.87,1201440.12,20248,7.22,5062,7289,7897,0.139,0.142,0.165,0.136,0.092,0.177,0.149,2814,2875,3341,2754,1863,3584,3017
171,Baltimore,Maryland,1,44371307,40479943.38,7809350.03,7043510.15,6637166.59,6008114.16,1172183.44,1035395.99,19956,7,4989,7184,7783,0.139,0.142,0.165,0.136,0.092,0.177,0.149,2774,2834,3293,2714,1836,3532,2973
172,Frederick,Maryland,2,44931015,40990564.98,7907858.64,7132358.31,6720889.06,6083901.64,1186969.58,1048456.67,17087,7.1,3417,6151,7518,0.159,0.146,0.165,0.126,0.088,0.167,0.149,2717,2495,2819,2153,1504,2854,2546
173,Frederick,Maryland,2,32237940,29410672.66,5673877.44,5117457.04,4822228.44,4365190.86,851649,752266.19,14334,7.17,2867,5160,6307,0.159,0.146,0.165,0.126,0.088,0.167,0.149,2279,2093,2365,1806,1261,2394,2136
174,Germantown,Maryland,2,45834781,41815070.71,8066921.46,7275822.3,6856076.55,6206276.42,1210844.91,1069545.88,17106,7.09,3421,6158,7527,0.159,0.146,0.165,0.126,0.088,0.167,0.149,2720,2497,2822,2155,1505,2857,2549
175,Frederick,Maryland,2,44229296,40350386.74,7784356.1,7020967.29,6615924.25,5988885.1,1168431.85,1032082.19,16624,7.25,3325,5985,7315,0.159,0.146,0.165,0.126,0.088,0.167,0.149,2643,2427,2743,2095,1463,2776,2477
176,Silver Spring,Maryland,1,49760971,45396933.84,8757930.9,7899066.49,7443365.47,6737903.71,1314565.43,1161162.77,20988,7.42,5247,7556,8185,0.139,0.142,0.165,0.136,0.092,0.177,0.149,2917,2980,3463,2854,1931,3715,3127
177,Germantown,Maryland,2,38204529,34853991.81,6723997.1,6064594.57,5714725.14,5173099.17,1009271.97,891495.4,17601,6.93,3520,6336,7744,0.159,0.146,0.165,0.126,0.088,0.167,0.149,2799,2570,2904,2218,1549,2939,2623
178,Silver Spring,Maryland,1,46331735,42268441.84,8154385.36,7354708.88,6930412.12,6273566.67,1223973.24,1081142.21,18915,7.28,4729,6809,7377,0.139,0.142,0.165,0.136,0.092,0.177,0.149,2629,2686,3121,2572,1740,3348,2818
179,Silver Spring,Maryland,1,50541920,46109393.62,8895377.92,8023034.49,7560181.69,6843648.42,1335196.23,1179386.07,20772,7.39,5193,7478,8101,0.139,0.142,0.165,0.136,0.092,0.177,0.149,2887,2950,3427,2825,1911,3677,3095
180,Waldorf,Maryland,1,49245733,44926882.22,8667249.01,7817277.51,7366294.93,6668137.71,1300954.08,1149139.79,21806,7.24,5452,7850,8504,0.139,0.142,0.165,0.136,0.092,0.177,0.149,3031,3096,3598,2966,2006,3860,3249
181,Allentown,Pennsylvania,1,41568483,37922927.04,7316053.01,6598589.31,6217913.45,5628596.68,1098139.56,969992.63,19252,7.48,3850,6931,8471,0.139,0.142,0.165,0.136,0.092,0.177,0.149,2676,2734,3177,2618,1771,3408,2869
182,Upper Darby,Pennsylvania,2,39024451,35602006.65,6868303.38,6194749.16,5837371.04,5284121.03,1030932.34,910628.13,17295,6.99,3459,6226,7610,0.159,0.146,0.165,0.126,0.088,0.167,0.149,2750,2525,2854,2179,1522,2888,2577
183,Upper Darby,Pennsylvania,2,35404643,32299655.81,6231217.17,5620140.11,5295911.47,4793979.51,935305.7,826160.6,17423,7.33,3485,6272,7666,0.159,0.146,0.165,0.126,0.088,0.167,0.149,2770,2544,2875,2195,1533,2910,2596
184,Reading ,Pennsylvania,2,28082115,25619313.51,4942452.24,4457760.55,4200590.16,3802469.75,741862.08,655290.8,14850,7.36,2970,5346,6534,0.159,0.146,0.165,0.126,0.088,0.167,0.149,2361,2168,2450,1871,1307,2480,2213
185,Reading ,Pennsylvania,2,44591529,40680851.91,7848109.1,7078468.23,6670107.93,6037933.4,1178001.18,1040534.83,16308,7.03,3262,5871,7176,0.159,0.146,0.165,0.126,0.088,0.167,0.149,2593,2381,2691,2055,1435,2723,2430
186,Allentown,Pennsylvania,1,46132267,42086467.18,8119278.99,7323045.29,6900575.22,6246557.63,1218703.78,1076487.66,19553,6.99,4888,7039,7626,0.139,0.142,0.165,0.136,0.092,0.177,0.149,2718,2777,3226,2659,1799,3461,2913
187,Reading ,Pennsylvania,2,41118698,37512588.19,7236890.85,6527190.34,6150633.53,5567693.36,1086257.32,959496.98,16765,6.79,3353,6035,7377,0.159,0.146,0.165,0.126,0.088,0.167,0.149,2666,2448,2766,2112,1475,2800,2498
188,Reading ,Pennsylvania,2,29375469,26799240.37,5170082.54,4663067.82,4394053.15,3977596.85,776029.39,685470.97,15693,7.02,3139,5649,6905,0.159,0.146,0.165,0.126,0.088,0.167,0.149,2495,2291,2589,1977,1381,2621,2338
189,Reading ,Pennsylvania,2,43183004,39395854.55,7600208.7,6854878.69,6459417.38,5847211.52,1140791.33,1007667.17,16834,7.02,3367,6060,7407,0.159,0.146,0.165,0.126,0.088,0.167,0.149,2677,2458,2778,2121,1481,2811,2508
190,Reading ,Pennsylvania,2,40622340,37059760.78,7149531.84,6448398.38,6076387.11,5500483.81,1073144.73,947914.56,16760,7.38,3352,6034,7374,0.159,0.146,0.165,0.126,0.088,0.167,0.149,2665,2447,2765,2112,1475,2799,2497
191,Philadelphia,Pennsylvania,1,45003457,41056653.82,7920608.43,7143857.76,6731725.11,6093710.67,1188883.33,1050147.09,18462,7.47,4616,6646,7200,0.139,0.142,0.165,0.136,0.092,0.177,0.149,2566,2622,3046,2511,1699,3268,2751
192,Erie,Pennsylvania,2,36227650,33050485.1,6376066.4,5750784.41,5419018.83,4905419.1,957047.57,845365.31,16658,7.88,3332,5997,7330,0.159,0.146,0.165,0.126,0.088,0.167,0.149,2649,2432,2749,2099,1466,2782,2482
193,Upper Darby,Pennsylvania,2,36369065,33179498,6400955.44,5773232.65,5440172.03,4924567.45,960783.41,848665.2,17709,6,3542,6375,7792,0.159,0.146,0.165,0.126,0.088,0.167,0.149,2816,2586,2922,2231,1558,2957,2639
194,Reading ,Pennsylvania,2,33531430,30590723.59,5901531.68,5322785.9,5015711.77,4540336.38,885819.91,782449.53,15516,7.38,3103,5586,6827,0.159,0.146,0.165,0.126,0.088,0.167,0.149,2467,2265,2560,1955,1365,2591,2312
195,Philadelphia,Pennsylvania,1,51172583,46684747.47,9006374.61,8123146.06,7654517.78,6929043.59,1351856.83,1194102.47,21307,6.95,5327,7671,8310,0.139,0.142,0.165,0.136,0.092,0.177,0.149,2962,3026,3516,2898,1960,3771,3175
196,Philadelphia,Pennsylvania,1,53174358,48510966.8,9358687.01,8440908.22,7953948.09,7200094.71,1404738.92,1240813.51,21259,7.16,5315,7653,8291,0.139,0.142,0.165,0.136,0.092,0.177,0.149,2955,3019,3508,2891,1956,3763,3168
197,Philadelphia,Pennsylvania,1,44370100,40478842.23,7809137.6,7043318.55,6636986.05,6007950.72,1172151.55,1035367.83,18011,7.05,4503,6484,7024,0.139,0.142,0.165,0.136,0.092,0.177,0.149,2504,2558,2972,2449,1657,3188,2684
198,Erie,Pennsylvania,2,39297672,35851266.17,6916390.27,6238120.31,5878240.09,5321116.63,1038150.18,917003.69,17190,5.96,3438,6188,7564,0.159,0.146,0.165,0.126,0.088,0.167,0.149,2733,2510,2836,2166,1513,2871,2561
199,Pittsburgh,Pennsylvania,1,51097165,46615943.63,8993101.04,8111174.19,7643236.57,6918831.59,1349864.47,1192342.61,21167,7.18,5292,7620,8255,0.139,0.142,0.165,0.136,0.092,0.177,0.149,2942,3006,3493,2879,1947,3747,3154
200,Pittsburgh,Pennsylvania,1,48393336,44149240.43,8517227.14,7681967.84,7238791.34,6552718.56,1278435.79,1129249.27,21412,7.04,5353,7708,8351,0.139,0.142,0.165,0.136,0.092,0.177,0.149,2976,3041,3533,2912,1970,3790,3190
201,Philadelphia,Pennsylvania,1,44495131,40592908.01,7831143.06,7063165.99,6655688.48,6024880.59,1175454.57,1038285.4,19220,7.26,4805,6919,7496,0.139,0.142,0.165,0.136,0.092,0.177,0.149,2672,2729,3171,2614,1768,3402,2864
202,Reading ,Pennsylvania,2,33753940,30793719.46,5940693.44,5358107.19,5048995.35,4570465.43,891698.09,787641.76,14505,7.17,2901,5222,6382,0.159,0.146,0.165,0.126,0.088,0.167,0.149,2306,2118,2393,1828,1276,2422,2161
203,Reading ,Pennsylvania,2,44178625,40304159.59,7775438,7012923.77,6608344.76,5982023.97,1167093.24,1030899.79,16944,7.52,3389,6100,7455,0.159,0.146,0.165,0.126,0.088,0.167,0.149,2694,2474,2796,2135,1491,2830,2525
204,Reading ,Pennsylvania,2,33073217,30172695.87,5820886.19,5250049.08,4947171.17,4478291.87,873715.02,771757.21,15168,7.01,3034,5460,6674,0.159,0.146,0.165,0.126,0.088,0.167,0.149,2412,2215,2503,1911,1335,2533,2260
205,Allentown,Pennsylvania,1,50918774,46453197.52,8961704.22,8082856.37,7616552.42,6894676.48,1345151.8,1188179.89,21387,6.83,5347,7699,8341,0.139,0.142,0.165,0.136,0.092,0.177,0.149,2973,3037,3529,2909,1968,3785,3187
206,Reading ,Pennsylvania,2,43977355,40120540.97,7740014.48,6980974.13,6578238.31,5954770.93,1161776.17,1026203.2,16802,4,3360,6049,7393,0.159,0.146,0.165,0.126,0.088,0.167,0.149,2672,2453,2772,2117,1479,2806,2503
207,Erie,Pennsylvania,2,31196639,28460693.76,5490608.46,4952160.71,4666468.13,4224193.09,824140.33,727967.62,15664,7.46,3133,5639,6892,0.159,0.146,0.165,0.126,0.088,0.167,0.149,2491,2287,2585,1974,1378,2616,2334
208,Philadelphia,Pennsylvania,1,43908354,40057591.35,7727870.3,6970020.9,6567916.97,5945427.82,1159953.33,1024593.07,18667,7.45,4667,6720,7280,0.139,0.142,0.165,0.136,0.092,0.177,0.149,2595,2651,3080,2539,1717,3304,2781
209,Erie,Pennsylvania,2,44084767,40218532.93,7758918.99,6998024.73,6594305.25,5969315.1,1164613.74,1028709.64,17054,7.23,3411,6139,7504,0.159,0.146,0.165,0.126,0.088,0.167,0.149,2712,2490,2814,2149,1501,2848,2541
210,Pittsburgh,Pennsylvania,1,50876837,46414938.4,8954323.31,8076199.28,7610279.38,6888997.99,1344043.93,1187201.29,20221,7.34,5055,7280,7886,0.139,0.142,0.165,0.136,0.092,0.177,0.149,2811,2871,3336,2750,1860,3579,3013
211,Newark,New Jersey,1,48952547,44659408.63,8615648.27,7770737.1,7322439.47,6628438.75,1293208.81,1142298.35,20635,7.5,5159,7429,8048,0.139,0.142,0.165,0.136,0.092,0.177,0.149,2868,2930,3405,2806,1898,3652,3075
212,Jersey City,New Jersey,1,42609718,38872845.73,7499310.37,6763875.16,6373663.88,5769585.51,1125646.49,994289.65,18470,7.23,3694,6649,8127,0.139,0.142,0.165,0.136,0.092,0.177,0.149,2567,2623,3048,2512,1699,3269,2752
213,Paterson,New Jersey,2,41929257,38252061.16,7379549.23,6655858.64,6271878.89,5677447.42,1107670.34,978411.22,16049,7.12,3210,5778,7062,0.159,0.146,0.165,0.126,0.088,0.167,0.149,2552,2343,2648,2022,1412,2680,2391
214,Elizabeth,New Jersey,1,48612508,44349191.05,8555801.41,7716759.24,7271575.62,6582395.63,1284225.79,1134363.61,21293,7.07,5323,7665,8304,0.139,0.142,0.165,0.136,0.092,0.177,0.149,2960,3024,3513,2896,1959,3769,3173
215,Newark,New Jersey,1,43076816,39298979.24,7581519.62,6838022.39,6443533.52,5832833.1,1137986.09,1005189.29,18362,7.22,4591,6610,7161,0.139,0.142,0.165,0.136,0.092,0.177,0.149,2552,2607,3030,2497,1689,3250,2736
216,Edison,New Jersey,2,45628268,41626668.9,8030575.17,7243040.39,6825185.84,6178313.45,1205389.33,1064726.94,16523,7.35,3305,5948,7270,0.159,0.146,0.165,0.126,0.088,0.167,0.149,2627,2412,2726,2082,1454,2759,2462
217,Newark,New Jersey,1,48991938,44695345.04,8622581.09,7776990.04,7328331.67,6633772.5,1294249.42,1143217.54,21192,7.41,5298,7629,8265,0.139,0.142,0.165,0.136,0.092,0.177,0.149,2946,3009,3497,2882,1950,3751,3158
218,Jersey City,New Jersey,1,48380327,44137372.32,8514937.55,7679902.78,7236845.43,6550957.07,1278092.13,1128945.71,20986,7.55,5247,7555,8185,0.139,0.142,0.165,0.136,0.092,0.177,0.149,2917,2980,3463,2854,1931,3715,3127
219,Jersey City,New Jersey,1,48430511,44183155.19,8523769.94,7687869,7244352.07,6557752.26,1279417.87,1130116.74,20133,7.07,5033,7248,7852,0.139,0.142,0.165,0.136,0.092,0.177,0.149,2798,2859,3322,2738,1852,3564,3000
220,Lakewood,New Jersey,2,36098201,32932388.77,6353283.38,5730235.65,5399655.54,4887891.01,953627.83,842344.64,16051,7.22,3210,5778,7062,0.159,0.146,0.165,0.126,0.088,0.167,0.149,2552,2343,2648,2022,1412,2681,2392
221,Paterson,New Jersey,2,33185200,30274857.96,5840595.2,5267825.29,4963921.86,4493454.97,876673.34,774370.32,14499,7.39,2900,5220,6380,0.159,0.146,0.165,0.126,0.088,0.167,0.149,2305,2117,2392,1827,1276,2421,2160
222,Elizabeth,New Jersey,1,42819565,39064289.15,7536243.44,6797186.31,6405053.3,5797999.92,1131190.14,999186.39,19634,7.21,3927,7068,8639,0.139,0.142,0.165,0.136,0.092,0.177,0.149,2729,2788,3240,2670,1806,3475,2925
223,Elizabeth,New Jersey,1,41502612,37862832.93,7304459.71,6588132.93,6208060.31,5619677.39,1096399.4,968455.54,19792,7.16,3958,7125,8708,0.139,0.142,0.165,0.136,0.092,0.177,0.149,2751,2810,3266,2692,1821,3503,2949
224,Lakewood,New Jersey,2,45634280,41632153.64,8031633.28,7243994.73,6826085.12,6179127.51,1205548.16,1064867.23,16498,6.97,3300,5939,7259,0.159,0.146,0.165,0.126,0.088,0.167,0.149,2623,2409,2722,2079,1452,2755,2458
225,Lakewood,New Jersey,2,28586853,26079785.99,5031286.13,4537882.76,4276090.08,3870814,755196.05,667068.77,14647,7.36,2929,5273,6445,0.159,0.146,0.165,0.126,0.088,0.167,0.149,2329,2138,2417,1846,1289,2446,2182
226,Newark,New Jersey,1,51580569,47056953.1,9078180.14,8187909.84,7715545.3,6984287.09,1362634.84,1203622.75,20028,7.28,5007,7210,7811,0.139,0.142,0.165,0.136,0.092,0.177,0.149,2784,2844,3305,2724,1843,3545,2984
227,Edison,New Jersey,2,45053114,41101955.9,7929348.06,7151740.33,6739152.92,6100434.5,1190195.14,1051305.83,17588,7.36,3518,6332,7739,0.159,0.146,0.165,0.126,0.088,0.167,0.149,2796,2568,2902,2216,1548,2937,2621
228,Jersey City,New Jersey,1,45501339,41510871.57,8008235.66,7222891.65,6806199.49,6161126.58,1202036.17,1061765.07,18821,7.28,4705,6776,7340,0.139,0.142,0.165,0.136,0.092,0.177,0.149,2616,2673,3105,2560,1732,3331,2804
229,Elizabeth,New Jersey,1,45499245,41508961.21,8007867.12,7222559.25,6805886.27,6160843.04,1201980.85,1061716.21,18630,7.13,4658,6707,7266,0.139,0.142,0.165,0.136,0.092,0.177,0.149,2590,2645,3074,2534,1714,3298,2776
230,Paterson,New Jersey,2,41838926,38169652.19,7363650.98,6641519.48,6258366.96,5665216.12,1105284.01,976303.36,17831,7.09,3566,6419,7846,0.159,0.146,0.165,0.126,0.088,0.167,0.149,2835,2603,2942,2247,1569,2978,2657
231,Elizabeth,New Jersey,1,52452351,47852279.82,9231613.78,8326296.69,7845948.55,7102331.08,1385665.23,1223965.61,21074,7.36,5269,7587,8219,0.139,0.142,0.165,0.136,0.092,0.177,0.149,2929,2993,3477,2866,1939,3730,3140
232,Jersey City,New Jersey,1,50142155,45744688.01,8825019.28,7959575.71,7500383.89,6789518.08,1324635.39,1170057.63,20467,7.16,5117,7368,7982,0.139,0.142,0.165,0.136,0.092,0.177,0.149,2845,2906,3377,2784,1883,3623,3050
233,Lakewood,New Jersey,2,44160937,40288022.83,7772324.91,7010115.97,6605698.94,5979628.92,1166625.97,1030487.05,16329,7.15,3266,5878,7185,0.159,0.146,0.165,0.126,0.088,0.167,0.149,2596,2384,2694,2057,1437,2727,2433
234,Newark,New Jersey,1,53833781,49112558.41,9474745.46,8545585.16,8052586.16,7289384.14,1422159.29,1256201.02,21458,6.62,5365,7725,8369,0.139,0.142,0.165,0.136,0.092,0.177,0.149,2983,3047,3541,2918,1974,3798,3197
235,Elizabeth,New Jersey,1,41573581,37927577.95,7316950.26,6599398.56,6218676.02,5629286.97,1098274.23,970111.59,19531,7.08,3906,7031,8594,0.139,0.142,0.165,0.136,0.092,0.177,0.149,2715,2773,3223,2656,1797,3457,2910
236,Elizabeth,New Jersey,1,54331407,49566542.61,9562327.63,8624578.41,8127022.25,7356765.39,1435305.38,1267813.03,21013,7.43,5253,7565,8195,0.139,0.142,0.165,0.136,0.092,0.177,0.149,2921,2984,3467,2858,1933,3719,3131
237,Newark,New Jersey,1,53844329,49122181.35,9476601.9,8547259.55,8054163.96,7290812.4,1422437.95,1256447.15,21607,7.17,5402,7779,8427,0.139,0.142,0.165,0.136,0.092,0.177,0.149,3003,3068,3565,2939,1988,3824,3219
238,Elizabeth,New Jersey,1,44377034,40485168.12,7810357.98,7044419.25,6638023.25,6008889.62,1172334.73,1035529.63,19284,7.28,4821,6942,7521,0.139,0.142,0.165,0.136,0.092,0.177,0.149,2680,2738,3182,2623,1774,3413,2873
239,Elizabeth,New Jersey,1,48692162,44421859.39,8569820.51,7729403.53,7283490.45,6593181.21,1286330.06,1136222.32,20166,6.93,5042,7260,7865,0.139,0.142,0.165,0.136,0.092,0.177,0.149,2803,2864,3327,2743,1855,3569,3005
240,Newark,New Jersey,1,44058586,40194648.01,7754311.14,6993868.75,6590389.03,5965770.05,1163922.1,1028098.71,18761,7.18,4690,6754,7317,0.139,0.142,0.165,0.136,0.092,0.177,0.149,2608,2664,3096,2551,1726,3321,2795
241,Buffalo,New York,1,52352371,47761068.06,9214017.3,8310425.84,7830993.3,7088793.24,1383024,1221632.6,20358,7.06,5090,7329,7940,0.139,0.142,0.165,0.136,0.092,0.177,0.149,2830,2891,3359,2769,1873,3603,3033
242,Islip,New York,2,32625314,29764073.96,5742055.26,5178948.87,4880172.77,4417643.39,861882.5,761305.48,15648,7.1,3130,5633,6885,0.159,0.146,0.165,0.126,0.088,0.167,0.149,2488,2285,2582,1972,1377,2613,2332
243,New York City,New York,1,46299985,42239476.32,8148797.36,7349668.88,6925662.88,6269267.55,1223134.48,1080401.33,19112,7.66,4778,6880,7454,0.139,0.142,0.165,0.136,0.092,0.177,0.149,2657,2714,3153,2599,1758,3383,2848
244,Islip,New York,2,29236498,26672457.13,5145623.65,4641007.54,4373265.54,3958779.43,772358.11,682228.11,15958,6.19,3192,5745,7022,0.159,0.146,0.165,0.126,0.088,0.167,0.149,2537,2330,2633,2011,1404,2665,2378
245,Oyster Bay,New York,2,39360846,35908899.81,6927508.9,6248148.57,5887689.81,5329670.73,1039819.09,918477.84,17606,7.16,3521,6338,7747,0.159,0.146,0.165,0.126,0.088,0.167,0.149,2799,2570,2905,2218,1549,2940,2623
246,New York City,New York,1,45263289,41293698.55,7966338.86,7185103.55,6770591.4,6128893.33,1195747.46,1056210.22,19304,7.33,4826,6949,7529,0.139,0.142,0.165,0.136,0.092,0.177,0.149,2683,2741,3185,2625,1776,3417,2876
247,New York City,New York,1,54800995,49994947.74,9644975.12,8699120.91,8197264.35,7420350.13,1447710.77,1278770.77,20379,7.38,5095,7336,7948,0.139,0.142,0.165,0.136,0.092,0.177,0.149,2833,2894,3363,2772,1875,3607,3036
248,Hempstead,New York,1,54738324,49937772.99,9633945.02,8689172.5,8187889.88,7411864.14,1446055.15,1277308.36,21166,7.16,5292,7620,8255,0.139,0.142,0.165,0.136,0.092,0.177,0.149,2942,3006,3492,2879,1947,3746,3154
249,New York City,New York,1,52202442,47624287.84,9187629.79,8286626.08,7808566.56,7068492.05,1379063.23,1218134.03,20335,7.05,5084,7321,7931,0.139,0.142,0.165,0.136,0.092,0.177,0.149,2827,2888,3355,2766,1871,3599,3030
250,Oyster Bay,New York,2,35112264,32032918.45,6179758.46,5573727.81,5252176.72,4754389.82,927581.75,819337.99,17040,7.26,3408,6134,7498,0.159,0.146,0.165,0.126,0.088,0.167,0.149,2709,2488,2812,2147,1500,2846,2539
251,Brookhaven,New York,2,28213776,25739427.84,4965624.58,4478660.44,4220284.33,3820297.36,745340.25,658363.09,15908,7.13,3182,5727,7000,0.159,0.146,0.165,0.126,0.088,0.167,0.149,2529,2323,2625,2004,1400,2657,2370
252,New York City,New York,1,42255397,38549598.68,7436949.87,6707630.17,6320663.7,5721608.54,1116286.18,986021.64,19463,9.5,3893,7007,8564,0.139,0.142,0.165,0.136,0.092,0.177,0.149,2705,2764,3211,2647,1791,3445,2900
253,Hempstead,New York,1,43081959,39303671.2,7582424.78,6838838.79,6444302.82,5833529.49,1138121.96,1005309.3,19721,7.17,4930,7100,7691,0.139,0.142,0.165,0.136,0.092,0.177,0.149,2741,2800,3254,2682,1814,3491,2938
254,Oyster Bay,New York,2,32529123,29676318.91,5725125.65,5163679.49,4865784.29,4404618.61,859341.36,759060.89,15309,7.15,3062,5511,6736,0.159,0.146,0.165,0.126,0.088,0.167,0.149,2434,2235,2526,1929,1347,2557,2281
255,Buffalo,New York,1,53351053,48672165.65,9389785.33,8468956.82,7980378.55,7224020.17,1409406.78,1244936.65,20633,7.24,5158,7428,8047,0.139,0.142,0.165,0.136,0.092,0.177,0.149,2868,2930,3404,2806,1898,3652,3074
256,Brookhaven,New York,2,28044825,25585293.85,4935889.2,4451841.13,4195012.23,3797420.48,740876.97,654420.65,14059,7.28,2812,5061,6186,0.159,0.146,0.165,0.126,0.088,0.167,0.149,2235,2053,2320,1771,1237,2348,2095
257,Oyster Bay,New York,2,28409950,25918397.39,5000151.2,4509801.14,4249628.5,3846860.38,750522.7,662940.77,15734,7.37,3147,5664,6923,0.159,0.146,0.165,0.126,0.088,0.167,0.149,2502,2297,2596,1982,1385,2628,2344
258,Brookhaven,New York,2,42593954,38858464.23,7496535.9,6761372.78,6371305.86,5767450.98,1125230.04,993921.8,16613,6.15,3323,5981,7310,0.159,0.146,0.165,0.126,0.088,0.167,0.149,2641,2425,2741,2093,1462,2774,2475
259,Buffalo,New York,1,51005691,46532491.9,8977001.62,8096653.59,7629553.67,6906445.51,1347447.94,1190208.08,21373,7.29,5343,7694,8335,0.139,0.142,0.165,0.136,0.092,0.177,0.149,2971,3035,3527,2907,1966,3783,3185
260,New York City,New York,1,48345384,44105493.82,8508787.58,7674355.93,7231618.57,6546225.6,1277169.02,1128130.32,21497,7.26,5374,7739,8384,0.139,0.142,0.165,0.136,0.092,0.177,0.149,2988,3053,3547,2924,1978,3805,3203
261,Brookhaven,New York,2,33100926,30197974.79,5825762.98,5254447.61,4951315.95,4482043.81,874447.02,772403.8,14470,7.38,2894,5209,6367,0.159,0.146,0.165,0.126,0.088,0.167,0.149,2301,2113,2388,1823,1273,2416,2156
262,Islip,New York,2,44328989,40441336.66,7801902.06,7036792.58,6630836.56,6002384.07,1171065.5,1034408.51,17143,7.06,3429,6171,7543,0.159,0.146,0.165,0.126,0.088,0.167,0.149,2726,2503,2829,2160,1509,2863,2554
263,New York City,New York,1,48951651,44658591.21,8615490.58,7770594.87,7322305.44,6628317.42,1293185.14,1142277.45,21169,6.49,5292,7621,8256,0.139,0.142,0.165,0.136,0.092,0.177,0.149,2942,3006,3493,2879,1948,3747,3154
264,Buffalo,New York,1,48482655,44230726.16,8532947.28,7696146.35,7252151.89,6564812.84,1280795.39,1131333.51,20917,7.02,5229,7530,8158,0.139,0.142,0.165,0.136,0.092,0.177,0.149,2907,2970,3451,2845,1924,3702,3117
265,Buffalo,New York,1,51422185,46912459.38,9050304.56,8162767.93,7691853.85,6962841.05,1358450.71,1199926.89,20889,6.83,5222,7520,8147,0.139,0.142,0.165,0.136,0.092,0.177,0.149,2904,2966,3447,2841,1922,3697,3112
266,New York City,New York,1,54753144,49951293.27,9636553.34,8691525.03,8190106.69,7413870.85,1446446.66,1277654.18,20293,7.21,5073,7305,7914,0.139,0.142,0.165,0.136,0.092,0.177,0.149,2821,2882,3348,2760,1867,3592,3024
267,Hempstead,New York,1,43297554,39500358.51,7620369.5,6873062.38,6476552.04,5862722.21,1143817.46,1010340.17,18646,6.38,4662,6713,7272,0.139,0.142,0.165,0.136,0.092,0.177,0.149,2592,2648,3077,2536,1715,3300,2778
268,Oyster Bay,New York,2,30389086,27723963.16,5348479.14,4823969.59,4545672.42,4114846.06,802806.72,709123.53,15010,7.1,3002,5404,6604,0.159,0.146,0.165,0.126,0.088,0.167,0.149,2387,2191,2477,1891,1321,2507,2236
269,New York City,New York,1,41493487,37854508.19,7302853.71,6586684.43,6206695.37,5618441.81,1096158.34,968242.61,18862,7.15,3772,6790,8299,0.139,0.142,0.165,0.136,0.092,0.177,0.149,2622,2678,3112,2565,1735,3339,2810
270,Brookhaven,New York,2,42168955,38470737.65,7421736.08,6693908.35,6307733.49,5709903.82,1114002.59,984004.53,17624,7.31,3525,6345,7755,0.159,0.146,0.165,0.126,0.088,0.167,0.149,2802,2573,2908,2221,1551,2943,2626
271,Brookhaven,New York,2,39609983,36136187.49,6971357.01,6287696.62,5924956.32,5363405.22,1046400.69,924291.4,16091,7.2,3218,5793,7080,0.159,0.146,0.165,0.126,0.088,0.167,0.149,2558,2349,2655,2027,1416,2687,2398
272,New York City,New York,1,44932780,40992175.19,7908169.28,7132638.48,6721153.07,6084140.63,1187016.21,1048497.86,19662,7.32,4916,7078,7668,0.139,0.142,0.165,0.136,0.092,0.177,0.149,2733,2792,3244,2674,1809,3480,2930
